playerId,name,category,best_fit_role,raw_best_fit_role,playstyle
25784,A. Abdennour,df,rb,rb,fb
376565,A. Abeid,df,rb,rcm,fb
49982,A. Abrashi,md,cm,cm,dlp
20812,A. Acquah,md,lcm,lcm,bwm
92334,A. Agolli,df,rb,rcm,fb
4814,A. Aguilar,md,cam,cam,am
49857,A. Ajeti,df,cb,cdm,cb
20401,A. Aquilani,md,cm,cm,cm
4329,A. Arribas,df,cb,cdm,cb
131602,A. Arroyo,fw,lw,lam,w
25418,A. Aréola,gk,gk,cb,
25572,A. Ayew,fw,lw,cam,if
216077,A. Baba,df,rb,ram,fb
28094,A. Badri,fw,rw,cam,if
300669,A. Balić,md,cm,cm,bwm
26368,A. Bamba,df,cb,cdm,cb
20815,A. Barberis,md,lcm,lcm,dlp
391387,A. Barkok,md,cam,cam,ap
9123,A. Barnes,fw,st,cam,af
300373,A. Barreca,df,rb,rcm,fb
20458,A. Barzagli,df,cb,cdm,bpd
265172,A. Barák,md,lcm,lcm,bwm
405597,A. Bastoni,df,rb,rcm,wb
15798,A. Beck,df,lb,lcm,fb
8726,A. Begović,gk,gk,cb,
61651,A. Behich,df,rb,rcm,fb
238031,A. Beiranvand,gk,gk,cb,
21234,A. Belotti,fw,rw,cam,iw
10113,A. Benali,md,rcm,rcm,bwm
101580,A. Berezutski,df,cb,cdm,cb
20749,A. Bertolacci,md,rcm,rcm,bwm
20540,A. Bizzarri,gk,gk,cb,
253333,A. Blin,md,cm,cm,bwm
15727,A. Bouhaddouz,fw,st,cam,af
29843,A. Bouka Moutou,df,rb,rcm,wb
21415,A. Brignoli,gk,gk,cb,
69513,A. Budimir,fw,st,cam,af
491451,A. Buongiorno,df,rb,rb,fb
20556,A. Candreva,md,lam,lam,w
22093,A. Caracciolo,df,cb,cb,cb
70156,A. Carrillo,md,lam,lam,wm
7970,A. Carroll,fw,st,cam,af
20947,A. Cerci,fw,lw,lam,iw
83590,A. Chipciu,md,ram,ram,w
135103,A. Christensen,df,cb,cdm,bpd
134484,A. Ciciretti,fw,lw,lam,w
249926,A. Confais,md,lcm,lcm,cm
20832,A. Consigli,gk,gk,cb,
134419,A. Conti,df,lb,lcm,wb
86411,A. Cooper,md,cam,cam,ap
21494,A. Cordaz,gk,gk,cb,
135150,A. Cornelius,fw,lw,cam,iw
20874,A. Cossu,md,cam,cam,am
20609,A. Costa,df,rb,rb,fb
134413,A. Cragno,gk,gk,cb,
8582,A. Cresswell,df,rb,rcm,fb
523089,A. Danzi,md,cdm,cdm,dm
263591,A. Deiola,md,lcm,lcm,bwm
25745,A. Delort,fw,st,cam,cf
276978,A. Diakhaby,fw,rw,ram,iw
25633,A. Diallo,gk,gk,cb,
235450,A. Diallo,df,rb,rb,fb
374013,A. Diawara,md,cm,cm,cm
364644,A. Dioussé,md,rcm,rcm,cm
229427,A. Djiku,df,rb,rcm,wb
233910,A. Donis,fw,lw,cam,iw
28292,A. Doucouré,md,cm,cm,bwm
49859,A. Dragović,df,lb,lcm,wb
22383,A. Duncan,md,ram,ram,wp
101590,A. Dzagoev,md,cam,cam,am
101669,A. Dzyuba,fw,st,cam,af
20876,A. Ekdal,md,cm,cm,dlp
286553,A. El Ghazi,fw,lw,lam,iw
552555,A. El Kaabi,fw,st,cam,af
101953,A. Erokhin,md,ram,ram,w
15141,A. Esswein,md,cam,cam,am
105518,A. Fedetskiy,df,lb,lcm,fb
86623,A. Fernández,md,rcm,rcm,cm
263433,A. Ferrari,df,lb,lcm,fb
37948,A. Finnbogason,fw,st,cam,cf
75131,A. Fiola,df,lb,lcm,fb
22566,A. Florenzi,md,lcm,lcm,mz
256992,A. Fulgini,md,lam,lam,wp
22020,A. Galabinov,fw,st,cam,af
20929,A. Gamberini,df,cb,cdm,cb
25575,A. Gignac,fw,st,st,af
86414,A. Godoy,md,cam,cam,ap
257800,A. Golovin,md,cam,cam,am
21098,A. Gomis,gk,gk,cb,
26285,A. Gonçalves,md,lam,lam,wp
449985,A. Gouiri,fw,lw,cam,iw
21275,A. Granqvist,df,rb,cdm,wb
134435,A. Grassi,md,cm,cm,bwm
412914,A. Gravillon,df,cb,cb,cb
10663,A. Gray,fw,st,cam,cf
256776,A. Grgic,md,ram,ram,wm
3682,A. Griezmann,fw,st,cam,f9
3384,A. Guardado,md,cm,cm,bwm
216568,A. Gudmundsson,fw,st,st,af
77521,A. Gunnarsson,md,cdm,cdm,dm
21077,A. Gómez,fw,rw,ram,w
221172,A. Hack,df,rb,cdm,wb
15877,A. Hahn,fw,lw,lam,iw
396475,A. Hakimi,df,lb,lcm,wb
234527,A. Halilović,md,lam,lam,w
372915,A. Harit,md,cam,cam,am
135113,A. Hjulsager,md,lam,lam,wm
11135,A. Hughes,df,lb,lb,fb
229124,A. Hunou,md,cam,cam,ss
14706,A. Hunt,md,cam,cam,am
50073,A. Ioniţă,md,cam,cam,ap
399599,A. Isak,fw,st,st,af
97,A. Isaksson,gk,gk,cb,
230020,A. Iwobi,md,cam,cam,ss
22883,A. Izzo,df,lb,lcm,wb
79381,A. Jahanbakhsh,fw,lw,lam,w
376908,A. Jallow,md,rcm,rcm,bwm
261127,A. Januzaj,md,cam,cam,ss
56424,A. Jóhannsson,fw,lw,lam,iw
99381,A. Jędrzejczyk,df,rb,rcm,fb
127719,A. Katai,md,lcm,lcm,bwm
8899,A. Kačaniklić,md,lam,lam,w
293128,A. Khalil,md,ram,ram,wm
8498,A. King,md,cm,cm,bwm
25950,A. Knockaert,md,lam,lam,wp
101705,A. Kokorin,fw,lw,lam,w
8306,A. Kolarov,df,rb,rcm,wb
69411,A. Kramarić,fw,rw,cam,iw
25413,A. Lacazette,fw,st,cam,cf
404213,A. Lafont,gk,gk,cb,
8140,A. Lallana,md,cam,cam,am
134502,A. Laporte,df,rb,rcm,wb
218971,A. Lazaar,df,rb,ram,wb
8284,A. Lennon,md,lam,lam,wm
26245,A. Letellier,gk,gk,cb,
93339,A. Lila,md,lam,lam,wp
20941,A. Ljajić,fw,rw,ram,if
406682,A. Lookman,md,ram,ram,wp
25382,A. Lopes,gk,gk,cb,
286388,A. Lusamba,md,lcm,lcm,bwm
14822,A. Luthe,gk,gk,cb,
125848,A. Machado,df,lb,lb,fb
425926,A. Maier,md,cm,cm,bwm
279717,A. Maitland-Niles,md,rcm,rcm,dlp
26307,A. Mandi,df,lb,lcm,wb
8889,A. Mariappa,df,cb,cdm,cb
134513,A. Martial,fw,rw,ram,iw
228928,A. Marušić,md,lam,lam,wp
20841,A. Masiello,df,cb,rcm,bpd
232822,A. Masina,df,rb,rcm,fb
26499,A. Masuaku,df,rb,ram,wb
120898,A. Mathlouthi,gk,gk,cb,
20478,A. Matri,fw,st,cam,cf
246866,A. Mawson,df,rb,rb,wb
83836,A. Maxim,md,cam,cam,am
120839,A. Maâloul,df,rb,rb,fb
215281,A. Mbengue,df,rb,rcm,fb
8580,A. McCarthy,gk,gk,cb,
101666,A. McGeady,md,lam,lam,w
105619,A. Mehmedi,fw,lw,cam,if
15254,A. Meier,fw,rw,ram,w
274970,A. Mendy,fw,st,cam,af
286215,A. Meret,gk,gk,cb,
99452,A. Milik,fw,st,cam,cf
20483,A. Mirante,gk,gk,cb,
128214,A. Mitrović,fw,st,cam,af
62389,A. Mooy,md,cm,cm,bwm
346908,A. Murgia,md,lcm,lcm,bwm
101606,A. Musa,fw,rw,ram,iw
83972,A. Mățel,df,rb,rb,fb
32793,A. N'Diaye,md,cdm,cdm,dm
209095,A. N'Dour,df,rb,rcm,fb
238055,A. Nabbout,fw,lw,cam,w
272878,A. Nalini,fw,rw,ram,iw
344140,A. Ndiaye,fw,rw,ram,w
16435,A. Nemec,fw,st,cam,af
219350,A. Niane,fw,st,cam,af
5281,A. Nyom,df,lb,lcm,wb
333477,A. Nübel,gk,gk,cb,
21100,A. Ogbonna,df,cb,cdm,cb
337799,A. Ouahim,md,lam,lam,wm
26676,A. Oukidja,gk,gk,cb,
300830,A. Ounas,fw,lw,lam,iw
7868,A. Oxlade-Chamberlain,md,lam,lam,w
125076,A. Oyongo,df,rb,rcm,wb
20661,A. Paloschi,fw,lw,cam,if
246175,A. Petagna,fw,lw,cam,iw
259946,A. Peñaranda,fw,st,cam,af
405608,A. Pinamonti,fw,st,st,af
25410,A. Pléa,fw,rw,ram,if
20529,A. Poli,md,lcm,lcm,dlp
84017,A. Popa,md,lam,lam,wm
83591,A. Prepeliță,md,cm,cm,dlp
50411,A. Prijović,fw,rw,ram,w
8290,A. Pritchard,md,cam,cam,ss
105320,A. Pyatov,gk,gk,cb,
209117,A. Rabiot,md,rcm,rcm,cm
20677,A. Raggi,df,cb,rcm,bpd
22699,A. Ragusa,fw,rw,ram,iw
3276,A. Rami,df,lb,lb,wb
7870,A. Ramsey,md,cam,cam,ap
20519,A. Ranocchia,df,cb,cdm,cb
69616,A. Rebić,fw,rw,ram,iw
302908,A. Ribelin,md,lcm,lcm,cm
14727,A. Robben,md,lam,lw,w
222220,A. Robertson,df,rb,ram,wb
70144,A. Rodríguez,df,cb,cdm,cb
146588,A. Romagnoli,df,rb,rcm,wb
293198,A. Romero,md,cm,cm,dlp
20434,A. Rosi,df,lb,lcm,wb
15214,A. Rukavina,df,cb,cdm,bpd
14748,A. Rüdiger,df,rb,rcm,wb
442211,A. Sabiri,md,cam,cam,am
50461,A. Sadiku,fw,st,cam,af
207061,A. Sahibeddine,fw,rw,ram,w
276211,A. Saint-Maximin,fw,lw,lam,iw
101699,A. Samedov,md,lam,lam,w
225946,A. Sanabria,fw,st,cam,dlf
115353,A. Santamaría,df,rb,rb,fb
190168,A. Santurro,gk,gk,cb,
279556,A. Sané,md,lam,lw,w
19525,A. Schwolow,gk,gk,cb,
208716,A. Schöpf,md,cm,cm,bwm
14789,A. Schürrle,fw,rw,ram,iw
265368,A. Shehu,df,lb,lb,fb
51127,A. Skúlason,df,rb,rb,fb
8460,A. Smith,df,lb,lcm,wb
25710,A. Soumaoro,df,cb,cdm,cb
26633,A. Souquet,df,lb,lcm,fb
21655,A. Stoian,fw,rw,ram,iw
8351,A. Surman,md,cm,cm,cm
4683,A. Szymanowski,md,ram,ram,wm
3361,A. Sánchez,fw,rw,ram,iw
54819,A. Søderlund,fw,st,cam,af
55224,A. Sørloth,fw,rw,ram,iw
9080,A. Taarabt,md,ram,ram,w
28230,A. Tameze,md,cm,cm,dlp
209028,A. Thomasson,md,ram,ram,wp
99423,A. Tonev,fw,lw,cm,if
217874,A. Touré,md,cm,cm,dlp
149101,A. Touré,df,lb,lcm,fb
8471,A. Townsend,md,lam,lam,w
85113,A. Toșca,df,rb,rb,fb
266917,A. Traoré,md,ram,ram,wm
57480,A. Traustason,md,cam,cam,am
3448,A. Turan,md,rcm,rcm,bwm
14729,A. Tymoshchuk,md,lcm,lb,cm
15201,A. Ujah,fw,st,cam,af
91502,A. Uribe,md,rcm,rcm,dlp
7938,A. Valencia,df,lb,lcm,wb
20475,A. Vidal,md,rcm,rcm,bwm
217867,A. Walongwa,df,lb,lb,fb
486252,A. Wan-Bissaka,df,lb,lcm,fb
222324,A. Werner,gk,gk,cdm,
8925,A. Westwood,md,cm,cm,cm
77546,A. Williams,df,cb,cdm,cb
70123,A. Witsel,md,cm,cm,bwm
105622,A. Yarmolenko,fw,lw,lam,w
7939,A. Young,df,rb,rcm,wb
366401,A. Zambo Anguissa,md,lcm,lcm,dlp
140085,A. Živković,md,lam,lam,wm
282438,Aarón,df,rb,rcm,fb
120167,Abdallah Said,md,cam,cam,ap
122561,Abdullah Al Mayouf,gk,gk,cb,
139393,Abdullah Otayf,md,cm,cm,cm
6210,Aday,df,cb,rcm,cb
70403,Adrien Silva,md,cam,cam,ap
3705,Adrián,md,rcm,rcm,bwm
3582,Adrián,gk,gk,cb,
364870,Adrián Diéguez,df,rb,rb,fb
3451,Adrián López,fw,rw,ram,iw
286994,Adrián Marín,df,rb,rb,fb
3290,Aduriz,fw,st,cam,af
3296,Adán,gk,gk,cb,
222761,Afonso Figueiredo,df,rb,rcm,fb
167117,Ager Aketxe,md,lam,lam,w
3681,Agirretxe,fw,lw,cam,if
120156,Ahmed Fathy,df,lb,lcm,fb
119951,Ahmed Hegazy,df,cb,cb,cb
284580,Ailton,df,rb,rcm,fb
357992,Aitor Ruibal,fw,rw,rcm,w
262048,Al. Miranchuk,md,rcm,rcm,bwm
7302,Albentosa,df,cb,cdm,cb
470756,Alberto López,df,rb,rcm,fb
4908,Alberto Moreno,df,rb,rcm,fb
406460,Alberto Redondo,df,lb,lcm,fb
3300,Albiol,df,lb,lcm,wb
282448,Aleix García,md,cdm,cdm,a
4256,Aleix Vidal,md,lam,lam,w
405972,Alex Robles,df,lb,lb,fb
70084,Alex Sandro,df,rb,ram,wb
3466,Alexis,df,cb,cdm,cb
359847,Alfonso Pedraza,md,ram,ram,wm
131184,Ali Adnan,df,rb,rcm,wb
398219,Ali Al Bulayhi,df,rb,rb,fb
198120,Ali Gabr,df,lb,lb,fb
214220,Alisson,gk,gk,cb,
40726,Allan,md,lam,lam,wp
388928,Amr Warda,md,lam,lam,w
4094,Ander Capa,df,lb,lam,wb
3413,Ander Herrera,md,lcm,lcm,cm
279560,Andoni Gorosabel,df,lb,lcm,fb
344065,Andoni López,df,rb,rcm,fb
240445,Andreas Pereira,md,cam,cam,am
43515,Andrei Girotto,md,cm,cm,bwm
211885,André Gomes,md,ram,ram,wp
65880,André Ramalho,df,cb,cb,cb
135927,André Silva,fw,st,cam,af
247173,Andrés,gk,gk,cb,
3486,Andrés Fernández,gk,gk,cb,
20604,Angelo da Costa,gk,gk,cb,
286981,Antonio Sivera,gk,gk,cb,
93000,Antunes,df,rb,rcm,fb
4805,Arbilla,df,rb,rcm,wb
278288,Aritz Elustondo,df,lb,lb,fb
3397,Arrizabalaga,gk,gk,cb,
3488,Asier Riesgo,gk,gk,cdm,
230883,Ayoze Pérez,fw,st,cam,cf
3372,Aythami Artiles,df,cb,cb,cb
25553,Azpilicueta,df,lb,lcm,fb
134351,B. Afobe,fw,st,cam,af
25826,B. André,md,cm,cm,bwm
8268,B. Assou-Ekotto,df,rb,rb,fb
64078,B. Balaj,fw,lw,lam,w
447379,B. Baningime,md,lcm,lcm,bwm
99833,B. Bereszyński,df,lb,lcm,fb
75014,B. Bese,df,lb,lam,fb
38084,B. Bjarnason,md,rcm,rcm,bwm
228981,B. Bourigeaud,md,lam,lam,wp
105716,B. Butko,df,rb,ram,wb
20637,B. Cesar,df,cb,cdm,bpd
350976,B. Chilwell,df,rb,rcm,wb
26381,B. Corgnet,md,cam,cam,am
25632,B. Costil,gk,gk,cb,
20404,B. Cristante,md,lam,lam,wm
26000,B. Dabo,md,cm,cm,bwm
136441,B. Davies,df,rb,rcm,wb
214710,B. Dibassy,df,rb,rcm,fb
50007,B. Djimsiti,df,cb,cdm,bpd
54375,B. Dočkal,md,lam,lam,w
20639,B. Dramé,df,rb,rcm,fb
265431,B. Drągowski,gk,gk,cb,
101690,B. Dzsudzsák,md,lam,lam,wm
21169,B. Džemaili,md,cam,cam,am
282772,B. Embolo,fw,lw,cam,w
207002,B. Fernández,fw,st,cam,af
8358,B. Foster,gk,gk,cb,
253784,B. Guillaume,fw,st,cam,af
402017,B. Gyamfi,df,lb,lcm,wb
8066,B. Hamer,gk,gk,cb,
258253,B. Henrichs,df,cb,lcm,cb
51689,B. Hrgota,fw,rw,cam,w
14855,B. Höwedes,df,cb,lcm,bpd
15719,B. Hübner,df,rb,rb,fb
105616,B. Ideye,fw,st,cam,af
209792,B. Idowu,df,rb,rb,fb
7891,B. Ivanović,df,lb,lcm,fb
449921,B. Jatta,md,lam,lam,w
26124,B. Jeannot,fw,lw,cam,if
301635,B. Kamara,gk,gk,cb,
404216,B. Kamara,df,cb,cdm,bpd
269189,B. Kapustka,md,cam,cam,ss
61961,B. Kayal,md,cm,cm,dlp
256480,B. Keita,fw,st,cam,dlf
26547,B. Ketkeophomphone,fw,lw,lam,if
25392,B. Koné,df,cb,cdm,bpd
50264,B. Kukeli,md,cdm,cdm,dm
331913,B. Labeau,fw,st,st,af
26016,B. Lecomte,gk,gk,cb,
14768,B. Leno,gk,gk,cb,
22185,B. Martella,df,rb,rcm,fb
134,B. Martins Indi,df,cb,cdm,cb
25437,B. Matuidi,md,ram,ram,wp
454388,B. Mbeumo,fw,rw,cam,iw
8944,B. Mee,df,rb,rb,wb
26136,B. Mendy,df,rb,ram,wb
207164,B. N'Diaye,md,rcm,rcm,dlp
25891,B. Nivet,md,cam,cam,ap
394,B. Nuytinck,df,cb,cdm,bpd
14775,B. Oczipka,df,rb,rcm,fb
55982,B. Oviedo,df,rb,rb,fb
340646,B. Pavard,df,cb,cdm,cb
29641,B. Pelé,md,cam,cam,am
252589,B. Petković,fw,rw,cam,w
113517,B. Pérez,fw,rw,cam,if
26365,B. Reynet,gk,gk,cb,
366193,B. Risa,df,cb,cam,cb
11155,B. Ruiz,md,cm,cm,bwm
7858,B. Sagna,df,lb,lcm,fb
25865,B. Sako,md,cam,cam,ss
20723,B. Salamon,df,lb,lcm,wb
26131,B. Samba,gk,gk,cb,
25947,B. Sankoh,df,cb,cdm,cb
274344,B. Santamaria,md,cm,cm,dlp
25743,B. Sarr,md,lcm,lcm,mz
18544,B. Schmitz,df,lb,lam,wb
14728,B. Schweinsteiger,md,cm,cm,bwm
54495,B. Sigurðarson,fw,lw,lam,w
397033,B. Soumaré,md,cm,cm,dlp
408827,B. Srarfi,md,lam,lam,wm
25995,B. Stambouli,md,lcm,lb,cm
33235,B. Stancu,fw,rw,ram,w
54451,B. Sævarsson,df,lb,lb,fb
142755,B. Traoré,fw,lw,lam,iw
8627,B. Watson,md,cdm,cdm,dm
15232,B. Wood,fw,st,cam,af
351808,B. Woodburn,fw,lw,lw,w
32572,B. Yılmaz,fw,st,cam,af
86309,B. Zuculini,md,cdm,cdm,dm
244357,B. Zungu,md,cdm,cdm,a
345707,B. Özcan,md,ram,ram,wm
3750,Balenziaga,df,rb,rcm,fb
3270,Barragán,df,lb,lcm,fb
520163,Barri,md,cm,cm,bwm
3335,Bartra,df,cb,cdm,cb
208865,Bastos,df,lb,lb,fb
32601,Bebé,md,cam,cam,ss
167145,Bellerín,df,lb,lcm,wb
287003,Benito Ramírez,md,ram,ram,wm
296341,Bernardo,df,rb,rcm,wb
3692,Bernardo Espinosa,df,cb,cdm,cb
265673,Bernardo Silva,md,lam,lam,w
3595,Beñat,md,cm,cm,bwm
3644,Bigas,df,rb,rb,fb
20450,Bojan,fw,rw,cam,if
3875,Borja Bastón,fw,st,cam,af
4278,Borja García,md,ram,ram,wp
298385,Borja Herrera,df,rb,rcm,fb
263092,Borja Lasso,md,cm,cm,bwm
344120,Borja Mayoral,fw,st,cam,dlf
3543,Borja Valero,md,cm,cm,cm
4440,Borja Valle,fw,rw,cam,iw
255320,Boschilia,md,lcm,lcm,bwm
404397,Brahim Diaz,md,ram,ram,w
302550,Brais Méndez,md,lam,lam,w
247162,Brandon,fw,rw,ram,iw
70975,Bruma,fw,rw,ram,iw
3541,Bruno,md,cm,cm,cm
5677,Bruno,df,cb,cdm,cb
101558,Bruno Alves,df,rb,rb,fb
243588,Bruno Fernandes,md,ram,ram,wp
3394,Bruno Gama,md,ram,ram,w
222766,Bruno Gaspar,df,lb,lcm,fb
44251,Bruno Peres,df,lb,lcm,wb
3278,Bruno Saltor,df,lb,lb,fb
3779,Bueno,fw,rw,cam,if
226005,Burgui,md,ram,ram,w
6365,Bustinza,df,lb,lcm,fb
4086,Bóveda,df,cb,lcm,cb
7961,C. Adam,md,rcm,rcm,bwm
417231,C. Adjapong,df,cb,cm,cb
328131,C. Akolo,fw,lw,lam,iw
101742,C. Ansaldi,df,rb,rcm,wb
89559,C. Aránguiz,md,cm,cm,dlp
70215,C. Atsu,md,ram,ram,w
8953,C. Austin,fw,rw,cam,iw
364772,C. Awaziem,df,cb,cdm,cb
37831,C. Bacca,fw,rw,cam,iw
11131,C. Baird,df,cb,cdm,cb
25472,C. Bakambu,fw,st,cam,dlf
26167,C. Beauvue,fw,st,cam,af
25616,C. Ben Saada,md,lam,lam,wp
91,C. Benschop,fw,lw,lam,iw
38031,C. Benteke,fw,st,cam,af
21842,C. Biraghi,df,rb,rcm,fb
55988,C. Bolaños,md,lam,lam,w
51004,C. Borges,md,cm,cm,bwm
3662,C. Bravo,gk,gk,cb,
8370,C. Brunt,md,rcm,rcm,cm
9403,C. Cathcart,df,cb,cdm,cb
171283,C. Chambers,df,cb,lcm,bpd
25938,C. Charrier,md,cam,cam,am
8004,C. Clark,df,rb,rb,wb
15278,C. Clemens,md,lcm,lcm,bwm
114813,C. Cueva,md,ram,ram,w
9285,C. Daniels,df,rb,rcm,fb
8360,C. Dawson,df,lb,lcm,wb
267185,C. Dell'Orco,df,rb,rb,fb
25601,C. Diabaté,fw,st,cam,dlf
26032,C. Doukouré,md,lcm,lcm,bwm
54,C. Eriksen,md,cam,cam,ss
32523,C. Erkin,df,rb,rcm,fb
9620,C. Evans,md,lcm,lcm,dlp
149846,C. Falletti,md,cam,cam,am
14853,C. Fuchs,df,rb,rcm,fb
448127,C. Führich,md,ram,ram,wm
55977,C. Gamboa,df,lb,lcm,fb
14754,C. Gentner,md,cm,cm,bwm
13451,C. Goldson,df,lb,lb,wb
25407,C. Grenier,md,cam,cam,tq
8831,C. Gunter,df,lb,lcm,fb
216074,C. Günter,df,rb,rcm,wb
450826,C. Hudson-Odoi,md,ram,ram,wm
28314,C. Hérelle,df,rb,cdm,wb
21384,C. Immobile,fw,rw,cam,iw
25427,C. Jallet,df,rb,rcm,wb
15095,C. Janker,df,lb,lb,fb
134512,C. Jean,fw,lw,lam,iw
144884,C. Jullien,df,rb,cdm,wb
68085,C. Kabasele,df,cb,cdm,cb
361779,C. Keita,df,rb,rcm,fb
25943,C. Kerbrat,df,lb,lb,fb
26270,C. Keșerü,fw,rw,ram,iw
131321,C. Kouakou,fw,lw,lam,iw
37725,C. Kouyaté,md,lcm,lcm,dlp
14838,C. Kramer,md,cm,cm,dlp
134503,C. Lenglet,df,rb,rb,fb
255670,C. Lombardi,fw,lw,lcm,w
92900,C. Lykogiannis,df,rb,rcm,fb
14796,C. Löwe,df,rb,rcm,fb
25789,C. M'Bengue,df,rb,rb,fb
21173,C. Maggio,df,lb,lcm,fb
20470,C. Marchisio,md,cm,cm,cm
216614,C. Martins Pereira,md,rcm,rcm,dlp
18704,C. Mathenia,gk,gk,cb,
37726,C. Mbemba,df,rb,rcm,wb
8797,C. McLaughlin,df,lb,lcm,fb
286382,C. Michelin,df,lb,lcm,fb
14745,C. Molinaro,df,rb,rcm,fb
212651,C. Musonda,md,ram,ram,wm
27412,C. N'Doye,md,cam,cam,ss
28123,C. N'Jie,fw,rw,cam,iw
143189,C. Ninga,fw,rw,ram,iw
347200,C. Nkunku,md,ram,ram,wp
8303,C. Pantilimon,gk,gk,cb,
285396,C. Pavón,fw,lw,lam,w
138577,C. Philipps,md,cdm,cdm,a
21128,C. Pinsoglio,gk,gk,cb,
14707,C. Pizarro,fw,rw,cam,if
20632,C. Puggioni,gk,gk,cb,
391530,C. Pulisic,md,lam,lam,w
16436,C. Quaner,fw,lw,lam,iw
114617,C. Ramos,df,lb,lb,fb
386197,C. Roberts,df,lb,lam,wb
70095,C. Rodríguez,md,ram,ram,wm
255387,C. Salcedo,df,cb,cdm,bpd
38436,C. Santos,fw,st,cam,af
15215,C. Schindler,df,cb,cdm,cb
7922,C. Smalling,df,cb,cdm,cb
145030,C. Stanko,md,cdm,cdm,hb
3714,C. Stuani,fw,st,cam,af
26518,C. Sánchez,md,cdm,cdm,dm
86340,C. Sánchez,md,lam,lam,wp
344864,C. Söyüncü,df,rb,rb,fb
70090,C. Săpunaru,df,lb,lcm,fb
9164,C. Taylor,df,rb,rb,fb
337732,C. Teuchert,fw,rw,cam,iw
20663,C. Théréau,fw,rw,cam,if
209091,C. Tolisso,md,cam,cam,ap
32636,C. Tosun,fw,st,cam,af
393284,C. Traoré,df,rb,rcm,fb
83574,C. Tătărușanu,gk,gk,cb,
26374,C. Varrault,df,lb,lb,fb
3685,C. Vela,fw,lw,cam,if
234710,C. Washington,fw,st,cam,af
11669,C. Wilson,fw,st,cam,af
9206,C. Wood,fw,st,cam,dlf
86308,C. Yacob,md,cdm,cdm,dm
215036,C. Yamberé,df,lb,lcm,wb
3531,C. Zapata,df,cb,cdm,cb
350032,C. Ünder,fw,lw,lam,w
135937,Cafú,md,rcm,rcm,bwm
16432,Caiuby,md,ram,ram,wm
3566,Camacho,md,cdm,cdm,a
3470,Campaña,md,cm,cm,bwm
3282,Canales,md,lam,lam,w
4879,Carles Gil,md,lam,lam,w
4789,Carles Planas,df,rb,rcm,fb
329026,Carlos Calderón,md,ram,rw,wm
278324,Carlos Fernández,fw,st,cam,cf
396484,Carlos Isaac,df,lb,lcm,fb
3672,Carlos Martínez,df,lb,lam,fb
372752,Carlos Soler,md,lam,lam,wp
250899,Carlos Vigaray,df,lb,lcm,fb
40756,Casemiro,md,cm,cm,dlp
385273,Charles,fw,st,cam,dlf
213124,Chema,df,rb,rb,wb
5147,Choco Lozano,fw,st,cam,af
3645,Chory Castro,md,ram,ram,wp
373713,Christian Rivera,md,cam,cam,ap
485464,Christian Rutjens,df,lb,lb,fb
400558,Chuca,md,ram,ram,wm
107413,Chul Hong,df,rb,rb,fb
3460,Coke,df,cb,lcm,cb
3358,Cristian Tello,fw,rw,ram,if
3322,Cristiano Ronaldo,fw,st,cam,cf
340,Cuco Martina,df,cb,rcm,cb
3963,Cuéllar,gk,gk,cb,
70389,Cédric Soares,df,lb,lcm,fb
49856,D. Abraham,df,cb,cdm,cb
14724,D. Alaba,df,rb,ram,wb
28251,D. Alcibiade,df,cb,cdm,cb
38598,D. Alibec,fw,rw,ram,w
13484,D. Alli,md,cam,cam,ss
217078,D. Amartey,md,lcm,lb,mz
14885,D. Aogo,df,rb,rcm,wb
403613,D. Arzani,md,ram,ram,w
20866,D. Astori,df,rb,rcm,wb
407699,D. Avounou,md,rcm,rcm,mz
331918,D. Bahamboula,md,cam,cam,am
15777,D. Baier,md,rcm,rcm,dlp
21507,D. Baselli,md,cm,cm,bwm
20575,D. Basta,df,lb,lcm,wb
14913,D. Benaglio,gk,gk,cb,
209400,D. Berardi,fw,lw,lam,iw
21282,D. Biondini,md,lam,lam,wp
206318,D. Biraschi,df,lb,lcm,fb
38,D. Blind,df,rb,rcm,wb
16609,D. Blum,md,ram,ram,wm
137143,D. Boldor,df,cb,cb,cb
20393,D. Bonera,df,lb,lb,fb
8034,D. Boyata,df,cb,cdm,bpd
127928,D. Brašanac,md,lcm,lcm,bwm
295747,D. Bronn,df,lb,lb,fb
15399,D. Brosinski,df,rb,rcm,wb
356908,D. Burnic,md,ram,ram,wp
75137,D. Böde,fw,st,st,af
257028,D. Calabria,df,lb,lcm,wb
14989,D. Caligiuri,md,lcm,lcm,mz
293687,D. Calvert-Lewin,fw,st,cam,af
256478,D. Cataldi,md,cm,cm,cm
335634,D. Ceter,fw,rw,cam,w
4513,D. Cheryshev,md,ram,ram,wm
125273,D. Colindres,fw,rw,ram,w
25786,D. Congré,df,rb,rcm,wb
14717,D. Contento,df,rb,rb,fb
21094,D. D'Ambrosio,df,cb,cm,bpd
26399,D. Da Silva,df,cb,cdm,cb
20638,D. Dainelli,df,cb,cdm,cb
20438,D. De Rossi,md,cm,cm,cm
8583,D. Delaney,df,rb,rb,fb
15937,D. Demme,md,cm,cm,cm
20875,D. Dessena,md,lcm,lcm,mz
20972,D. Di Gennaro,md,cam,cam,am
15129,D. Didavi,md,cam,cam,ss
14888,D. Diekmeier,df,lb,lcm,wb
8495,D. Drinkwater,md,cm,cm,cm
8436,D. Edwards,md,cdm,cdm,dm
21861,D. Falcinelli,fw,st,cam,af
20516,D. Faraoni,df,lb,lcm,fb
7932,D. Fletcher,md,cm,cm,cm
25638,D. Foulquier,df,lb,lcm,wb
105606,D. Garmash,md,ram,ram,wm
12536,D. Gayle,fw,st,cam,dlf
367621,D. Geiger,md,cm,cm,bwm
14845,D. Ginczek,fw,st,cam,af
101623,D. Glushakov,md,cam,cam,ap
3433,D. Godín,df,rb,rcm,wb
7989,D. Gosling,md,cm,cm,dlp
283142,D. Gray,md,ram,ram,w
84536,D. Grigore,df,rb,rb,wb
125260,D. Guzmán,md,rcm,rcm,dlp
16843,D. Heintz,df,rb,rb,fb
8955,D. Ings,fw,lw,cam,if
160,D. Janmaat,df,lb,lcm,fb
15810,D. Kaiser,md,lam,lam,wp
365880,D. Kamada,md,cam,cam,ss
437057,D. Khalid,fw,lw,cam,w
56,D. Klaassen,md,cm,cm,bwm
165425,D. Kohr,md,cm,cm,bwm
82520,D. Kolář,md,cm,cm,cm
101663,D. Kombarov,df,rb,ram,wb
240042,D. Kownacki,fw,lw,cam,if
220971,D. Kuzyaev,md,lcm,lcm,bwm
82684,D. Lafata,fw,st,cam,af
16303,D. Latza,md,rcm,rcm,dlp
116269,D. Laxalt,md,rcm,rcm,mz
127534,D. Lazović,md,lam,lam,wp
487983,D. Lempereur,df,rb,rcm,fb
82510,D. Limberský,df,rb,rcm,fb
28990,D. Liénard,md,rcm,rcm,mz
25393,D. Lovren,df,cb,cdm,bpd
291528,D. Lukebakio,md,lam,lam,wm
21306,D. Maietta,df,cb,cdm,bpd
15122,D. Maroh,df,cb,cb,cb
532949,D. McNeil,md,ram,rw,wm
122,D. Mertens,fw,st,cam,cf
37796,D. Miličević,md,ram,ram,w
8603,D. Murphy,fw,st,cam,af
38079,D. Opare,df,lb,lcm,fb
134708,D. Origi,fw,lw,cam,iw
25662,D. Ospina,gk,gk,cb,
82644,D. Pavelka,md,cm,cm,bwm
49979,D. Pavlovic,df,rb,rcm,fb
25714,D. Payet,md,cam,cam,tq
3475,D. Perotti,fw,rw,ram,w
37739,D. Praet,md,cam,cam,am
466,D. Pröpper,md,rcm,rcm,dlp
21351,D. Pudil,df,rb,rcm,wb
62071,D. Randolph,gk,gk,cb,
379209,D. Rice,df,cb,cdm,cb
116283,D. Rolán,fw,rw,ram,w
8292,D. Rose,df,rb,ram,wb
134427,D. Rugani,df,cb,cdm,bpd
26610,D. Sakho,fw,st,cam,af
7982,D. Santon,df,rb,rcm,fb
134399,D. Selke,fw,st,cam,af
26196,D. Sidibé,df,lb,lcm,wb
149019,D. Simpson,df,lb,lb,fb
93003,D. Siovas,df,rb,cdm,wb
286831,D. Solanke,fw,st,cam,cf
105332,D. Srna,df,lb,lcm,fb
8086,D. Stephens,md,lcm,lcm,cm
7907,D. Sturridge,fw,st,cam,cf
135747,D. Subašić,gk,gk,cb,
3974,D. Suárez,df,lb,lcm,fb
257762,D. Sánchez,df,cb,cdm,bpd
383,D. Tadić,md,cam,cam,ss
91064,D. Torres,md,cdm,cdm,dm
127530,D. Tošić,df,rb,rb,fb
352988,D. Upamecano,df,rb,rcm,wb
343925,D. Verde,fw,rw,cm,iw
69396,D. Vida,df,rb,rb,wb
136509,D. Ward,gk,gk,cb,
26652,D. Wass,md,lam,lam,wp
7945,D. Welbeck,fw,rw,ram,if
8745,D. Whitehead,md,cdm,cdm,dm
15823,D. Williams,md,cm,cm,dlp
252365,D. Yedlin,df,lb,lcm,fb
397028,D. Zagadou,df,rb,rcm,wb
360992,D. Zakaria,md,cm,cm,dlp
86243,D. Zapata,fw,st,cam,af
22889,D. Zappacosta,df,lb,lcm,wb
14772,D. da Costa,df,lb,lcm,wb
230626,D. Ćaleta-Car,df,rb,rb,fb
69610,D. Čop,fw,rw,cam,if
65090,D. Švento,df,rb,rb,fb
298212,Dalbert,df,rb,rcm,fb
3334,Dani Alves,df,lb,lcm,wb
4371,Dani Castellano,df,rb,rcm,fb
326523,Dani Ceballos,md,cam,cam,ap
5542,Dani García,md,rcm,rcm,bwm
4319,Dani Giménez,gk,gk,cb,
293856,Dani Molina,md,ram,rw,wm
4343,Dani Pacheco,md,ram,ram,w
3286,Dani Parejo,md,cm,cm,cm
412897,Dani Raba,md,lam,lam,wm
22381,Daniel Bessa,md,cam,cam,ap
70140,Daniel Carriço,df,cb,cdm,bpd
4501,Daniel Carvajal,df,lb,lcm,wb
20583,Danilo,df,cb,cdm,bpd
70083,Danilo,df,cb,cm,bpd
105523,Danilo Avelar,df,rb,rcm,fb
20496,Danilo Pereira,md,cm,cm,cm
15010,Dante,df,cb,cdm,bpd
400564,Darío Poveda,fw,rw,ram,w
551398,David Alba,df,rb,rb,fb
4355,David García,df,cb,cdm,bpd
4780,David Juncà,df,rb,rcm,fb
7892,David Luiz,df,cb,cdm,cb
4303,David López,df,lb,lcm,wb
8317,David Silva,md,cam,cam,ss
4936,David Simón,df,lb,lcm,fb
278320,David Soria,gk,gk,cb,
7910,David de Gea,gk,gk,cb,
3667,De La Bella,df,rb,rcm,fb
3421,De Marcos,df,lb,lam,wb
8323,Denis Suárez,md,ram,ram,w
3348,Deulofeu,fw,lw,lam,iw
270866,Diego Carlos,df,cb,cdm,cb
4338,Diego Costa,fw,rw,ram,w
23314,Diego Farias,fw,rw,cam,iw
247169,Diego González,df,rb,rcm,fb
225996,Diego Llorente,df,cb,cdm,bpd
3519,Diego López,gk,gk,cb,
169002,Diego Rico,df,rb,rcm,fb
250805,Djené,df,lb,cdm,wb
8537,Dong-Won Ji,fw,rw,rcm,w
105334,Douglas Costa,md,cam,cam,ss
443324,Douglas Luiz,md,cam,cam,am
143566,Douglas Santos,df,rb,rcm,fb
3798,Dídac Vilá,df,rb,rcm,wb
40574,Dória,df,rb,rcm,wb
423162,E. Ampadu,df,cb,cdm,cb
256998,E. Bailly,df,lb,lb,wb
280383,E. Bardhi,md,rcm,rcm,bwm
388099,E. Bearzotti,md,lcm,lcm,mz
230687,E. Berggreen,fw,st,cam,af
50849,E. Berisha,gk,gk,cb,
15952,E. Bičakčić,df,cb,cdm,bpd
56183,E. Bjarnason,md,rcm,rcm,bwm
338201,E. Boateng,fw,st,cam,af
29590,E. Bourgaud,md,lcm,lcm,bwm
454457,E. Brignola,fw,lw,lam,w
278049,E. Cabaco,df,lb,lb,fb
18550,E. Can,md,cm,cm,bwm
25798,E. Capoue,md,cm,cm,dlp
239290,E. Capradossi,df,lb,lb,fb
21174,E. Cavani,fw,st,cam,cf
266312,E. Cecchini,md,lcm,lcm,dlp
15198,E. Choupo-Moting,fw,rw,ram,iw
275032,E. Crivelli,fw,st,cam,af
116364,E. Davis,df,rb,rcm,fb
352328,E. Demirović,fw,st,cam,dlf
14787,E. Derdiyok,fw,lw,cam,w
210044,E. Dier,md,cm,cm,cm
8327,E. Džeko,fw,st,cam,cf
265318,E. Fernandes,md,lcm,lcm,bwm
51132,E. Forsberg,md,ram,ram,w
70112,E. Garay,df,lb,lb,fb
20468,E. Giaccherini,md,ram,ram,wp
246059,E. Goldaniga,df,lb,cdm,wb
92982,E. Guðjohnsen,fw,lw,lcm,w
79248,E. Hajsafi,df,rb,rb,fb
21314,E. Hallfreðsson,md,cm,cm,bwm
25707,E. Hazard,fw,rw,cam,if
259531,E. Hyndman,md,cm,cm,cm
21001,E. Hysaj,df,lb,lcm,wb
70171,E. Imorou,df,rb,rcm,fb
70139,E. Insúa,df,rb,rcm,wb
93084,E. Jakupovic,gk,gk,cb,
51343,E. Johansson,df,lb,lb,wb
16122,E. Kachunga,fw,lw,lam,iw
37896,E. Kawashima,gk,gk,cb,
93608,E. Kaçe,md,cm,cm,cm
105595,E. Khacheridi,df,lb,lb,fb
51064,E. Krafth,df,lb,lb,fb
286381,E. Kwateng,df,lb,lb,fb
21636,E. Lamanna,gk,gk,cb,
20441,E. Lamela,md,lam,lam,w
50318,E. Lenjani,df,rb,ram,wb
566942,E. Loiodice,md,cm,cm,dlp
70085,E. Mangala,df,rb,rcm,wb
7848,E. Martínez,gk,gk,cb,
373817,E. Massouema,md,cdm,cdm,dm
281255,E. Mor,fw,rw,ram,iw
21279,E. Moretti,df,rb,rb,fb
20808,E. Muñoz,df,cb,cb,cb
346158,E. Nketiah,fw,lw,lam,w
266532,E. Ofori,md,lcm,lcm,cm
107,E. Pieters,df,rb,rcm,fb
15193,E. Polanski,md,cm,cm,cm
284322,E. Ponce,fw,st,cam,af
90268,E. Pulgar,md,cdm,cdm,a
86234,E. Pérez,md,lam,lam,wp
337903,E. Rexhbecaj,md,rcm,rcm,dlp
25809,E. Rivière,fw,st,cam,af
399673,E. Rolón,md,cm,cm,dlp
25605,E. Sala,fw,st,cam,af
520774,E. Salcedo,fw,rw,rw,w
3445,E. Salvio,md,lam,lam,wp
20855,E. Schelotto,df,lb,lcm,fb
21517,E. Schiavon,md,lcm,lcm,bwm
29588,E. Seka,df,cb,rcm,cb
246946,E. Skhiri,md,lcm,lcm,dlp
404227,E. Taha,fw,rw,cam,w
224971,E. Thommy,md,cam,cam,ss
354470,E. Torrasi,md,ram,ram,wm
20802,E. Viviano,gk,gk,cb,
25521,E. Zelazny,gk,gk,cb,
33091,E. Zengin,md,ram,ram,wm
279541,E. Zidane,md,cm,cm,dlp
38532,E. Zukanović,df,rb,rcm,fb
448210,E. Álvarez,df,lb,lcm,wb
32652,E. Çolak,md,cam,cam,am
274435,E. Ünal,fw,st,cam,af
20626,Eder,fw,st,cam,cf
71654,Ederson,gk,gk,cb,
70959,Edgar Ié,df,lb,lcm,fb
499843,Edu Expósito,md,lcm,lcm,cm
3570,Eliseu,df,rb,ram,wb
167104,Eloi Amagat,md,ram,ram,wm
40787,Emerson,df,rb,rcm,wb
6370,Eraso,md,cam,cam,am
489417,Erik Expósito,fw,st,cam,af
167118,Erik Morán,md,cm,cm,cm
120269,Essam El Hadary,gk,gk,cdm,
4113,Etxeita,df,cb,cdm,bpd
45579,Everton Luiz,md,cm,cm,dlp
20635,F. Acerbi,df,cb,cdm,cb
6165,F. Andone,fw,rw,cam,iw
90991,F. Armani,gk,gk,cb,
149848,F. Avenatti,fw,st,cam,af
245807,F. Bahlouli,md,cam,cam,am
25704,F. Balmont,md,lcm,lcm,bwm
112679,F. Baloy,df,cb,cdm,cb
16027,F. Bartels,md,lam,lam,w
25937,F. Bellugou,df,cb,cdm,cb
120784,F. Ben Mustapha,gk,gk,cb,
209354,F. Ben Youssef,fw,lw,lam,iw
246061,F. Bernardeschi,md,lam,lam,wm
239298,F. Bonazzoli,fw,lw,lam,iw
20449,F. Borini,fw,lw,cam,if
209014,F. Boulaya,md,ram,ram,w
231713,F. Bradarić,md,cm,cm,cm
21607,F. Cacciatore,df,lb,lcm,wb
101635,F. Caicedo,fw,st,cam,dlf
434142,F. Caligara,md,rcm,rcm,cm
125512,F. Calvo,df,rb,rcm,fb
302798,F. Cassata,md,cam,cam,am
21528,F. Ceccherini,df,cb,cdm,cb
22686,F. Ceravolo,fw,rw,cam,w
29748,F. Chafik,df,lb,lcm,fb
447804,F. Chiesa,md,cam,cam,ss
7864,F. Coquelin,md,cm,cm,dlp
134420,F. Costa,df,rb,rcm,fb
8464,F. Delph,md,ram,ram,wp
415809,F. Depaoli,md,lcm,lcm,mz
259292,F. Di Francesco,fw,rw,cam,iw
8628,F. Di Santo,fw,st,cam,af
277002,F. Diabaté,fw,rw,ram,if
14990,F. Diagne,df,cb,cdm,cb
286915,F. Eboa Eboa,df,cb,cdm,cb
273683,F. Escobar,df,cb,cdm,bpd
471947,F. Evina,fw,rw,ram,iw
25888,F. Fajr,md,cm,cm,bwm
3463,F. Fazio,df,cb,cdm,cb
21164,F. Fernández,df,cb,cdm,cb
61941,F. Forster,gk,gk,cb,
49869,F. Frei,md,cm,cm,cm
25849,F. Ghoulam,df,rb,ram,wb
135561,F. Grillitsch,md,cm,cm,dlp
28908,F. Guilbert,df,lb,lcm,wb
282550,F. Hadergjonaj,df,lb,lcm,wb
50805,F. Helander,df,rb,rb,fb
18581,F. Hübner,df,lb,lb,fb
15804,F. Johnson,md,rcm,rcm,bwm
65055,F. Kainz,md,ram,ram,w
334552,F. Kamano,fw,rw,ram,iw
269490,F. Kath,md,ram,ram,w
285109,F. Kessié,md,lam,lam,wp
15456,F. Klaus,md,cam,cam,am
64972,F. Klein,df,lb,lcm,wb
127796,F. Kostić,md,ram,ram,w
101647,F. Kudryashov,df,rb,rcm,wb
382289,F. Kusič,df,rb,rb,fb
13745,F. Ladapo,fw,st,st,af
3523,F. Lejeune,df,cb,cdm,cb
22614,F. Lucioni,df,cb,cdm,bpd
15103,F. Lustenberger,df,cb,cdm,bpd
22162,F. Magnanelli,md,cm,cm,cm
366571,F. Maouassa,md,ram,ram,w
146590,F. Mattiello,df,rb,rcm,wb
391551,F. Mayer,df,lb,lcm,fb
276979,F. Mendy,df,rb,rcm,wb
22559,F. Migliore,df,rb,rcm,wb
30437,F. Mollet,md,cam,cam,ss
49919,F. Moubandje,df,rb,rcm,fb
264989,F. Mubele,fw,lw,cam,iw
32641,F. Muslera,gk,gk,cb,
337647,F. Müller,gk,gk,cb,
15503,F. Niederlechner,fw,lw,cam,iw
3843,F. Orellana,md,cam,cam,ss
356906,F. Passlack,md,lcm,lcm,cm
20842,F. Peluso,df,rb,rcm,fb
22732,F. Pisacane,df,cb,cdm,cb
26085,F. Pogba,df,rb,rb,fb
116345,F. Píriz,md,cm,cm,dlp
20479,F. Quagliarella,fw,st,cam,cf
337775,F. Reese,fw,lw,lam,iw
14726,F. Ribéry,md,ram,ram,w
278007,F. Ricca,df,rb,rcm,fb
250956,F. Ricci,fw,lw,lam,iw
283832,F. Romagna,df,lb,lb,fb
86183,F. Roncaglia,df,cb,cdm,bpd
22053,F. Rossi,gk,gk,cdm,
25835,F. Sammaritano,md,cam,cam,am
120853,F. Sassi,md,cm,cm,cm
50102,F. Schär,df,cb,cdm,cb
101707,F. Smolov,fw,rw,cam,if
99634,F. Starzyński,md,ram,rw,wm
20680,F. Sørensen,df,lb,lcm,wb
25805,F. Tabanou,md,rcm,rcm,mz
209209,F. Tait,md,cam,cam,am
25770,F. Thauvin,fw,lw,lam,iw
286917,F. Touré,df,rb,rcm,fb
337682,F. Uduokhai,df,cb,cdm,bpd
285491,F. Uzoho,gk,gk,cb,
364005,F. Valverde,md,rcm,rcm,bwm
134954,F. Veseli,df,lb,lb,fb
263432,F. Vicari,df,cb,cdm,bpd
20448,F. Viviani,md,cm,cm,cm
20823,F. Vázquez,md,cam,cam,ss
24024,F. Zampano,df,cb,lcm,cb
3736,F. Zuculini,md,lcm,lcm,bwm
174,F. Đuričić,md,ram,ram,wp
207143,Fabinho,md,cm,cm,dlp
519496,Fabio González,md,lcm,lcm,cm
346195,Fabián,md,lcm,lcm,bwm
122623,Fahad Al Muwallad,fw,lw,lam,w
230897,Fede Cartabia,md,lam,lam,w
38082,Felipe,df,rb,rb,wb
20928,Felipe,df,rb,rb,fb
40806,Felipe Anderson,md,cam,cam,ss
105339,Fernandinho,md,cm,cm,cm
3424,Fernando Llorente,fw,st,cam,af
3465,Fernando Navarro,df,rb,rb,fb
3299,Fernando Pacheco,gk,gk,cb,
7908,Fernando Torres,fw,rw,cam,if
397303,Ferrán Torres,md,lam,lam,wm
3434,Filipe Luis,df,rb,rcm,fb
3337,Fontàs,df,rb,rb,fb
372753,Francis Guerrero,fw,lw,lam,w
3350,Fàbregas,md,cam,cam,ap
40707,Fágner,df,lb,lcm,fb
22677,G. Angella,df,cb,cdm,bpd
8278,G. Bale,fw,lw,cam,iw
8314,G. Barry,md,cm,cm,dlp
20845,G. Bonaventura,md,ram,ram,wp
26495,G. Bong,df,rb,rcm,fb
20455,G. Buffon,gk,gk,cb,
64995,G. Burgstaller,fw,st,cam,af
3916,G. Cabral,df,cb,cdm,bpd
7887,G. Cahill,df,cb,cdm,bpd
58978,G. Cameron,df,cb,cdm,cb
21376,G. Caprari,fw,rw,ram,iw
86239,G. Carrillo,fw,st,cam,af
14770,G. Castro,md,cam,cam,ap
354043,G. Chaalali,md,cam,cam,ap
20461,G. Chiellini,df,rb,rcm,wb
368642,G. Crociata,md,ram,ram,wm
213364,G. De Arrascaeta,md,ram,ram,w
23149,G. Defrel,fw,lw,lam,w
21578,G. Di Chiara,df,rb,rb,fb
21469,G. Donati,df,lb,lcm,fb
350999,G. Donnarumma,gk,gk,cb,
295273,G. Donsah,md,rcm,rcm,bwm
212644,G. Escalante,md,lam,lam,wp
286225,G. Felicioli,df,rb,rcm,wb
20591,G. Fernandes,md,cm,cm,dlp
22270,G. Ferrari,df,rb,rcm,wb
28948,G. Fofana,md,lcm,lcm,dlp
272280,G. Gaudino,md,ram,ram,wm
37734,G. Gillet,md,rcm,rcm,cm
125286,G. González,df,lb,lb,wb
132972,G. Gope-Fenepej,fw,st,cam,af
59083,G. Gómez,md,cdm,cdm,a
32524,G. Gönül,df,lb,lcm,fb
94650,G. Haraguchi,md,cam,cam,am
330395,G. Hein,md,ram,ram,w
3323,G. Higuaín,fw,st,cam,cf
224896,G. Holtmann,md,ram,ram,wm
25942,G. Imbula,md,cm,cm,bwm
425923,G. Itter,df,rb,rb,fb
7957,G. Johnson,df,lb,lcm,fb
241966,G. Jung,df,cb,cdm,cb
26384,G. Kakuta,md,cam,cam,am
14900,G. Kačar,md,cdm,cdm,hb
15206,G. Király,gk,gk,cb,
25623,G. Kondogbia,md,cm,cm,dlp
25537,G. Krychowiak,md,cm,cm,dlp
27955,G. Laborde,fw,st,cam,af
115933,G. Lapadula,fw,st,cam,af
24838,G. Letizia,df,cb,rcm,cb
356237,G. Lo Celso,md,cm,cm,bwm
75292,G. Lovrencsics,md,ram,ram,wp
346913,G. Mancini,df,cb,cdm,cb
25503,G. Mandjeck,md,rcm,rcm,dlp
224080,G. Maripán,df,cb,cb,cb
8362,G. McAuley,df,cb,cdm,cb
86220,G. Mercado,df,lb,lcm,wb
8416,G. Murray,fw,st,cam,af
8096,G. Myhill,gk,gk,cdm,
26414,G. N'Gosso,md,cm,cm,cm
270828,G. N'Koudou,fw,rw,ram,w
372547,G. Nyamsi,df,lb,cdm,wb
25816,G. Ochoa,gk,gk,cb,
21177,G. Pandev,fw,st,cam,cf
20536,G. Pazzini,fw,rw,cam,if
20771,G. Pegolo,gk,gk,cb,
20628,G. Pellè,fw,rw,cam,if
86328,G. Pezzella,df,lb,lcm,wb
388398,G. Pezzella,df,rb,rcm,fb
29642,G. Peñalba,md,cdm,cdm,a
86828,G. Pizarro,md,cdm,cdm,dm
86486,G. Poblete,md,cm,cm,dlp
137161,G. Puşcaş,fw,rw,cam,if
20689,G. Ramírez,md,cam,cam,ss
3548,G. Rossi,fw,st,cam,cf
86212,G. Rulli,gk,gk,cb,
14749,G. Sakai,df,cb,lcm,cb
347024,G. Scamacca,fw,lw,cam,w
15245,G. Schildenfeld,df,cb,cb,cb
25598,G. Sertic,md,cdm,cdm,a
101585,G. Shchennikov,df,rb,rcm,fb
94828,G. Shibasaki,md,cam,cam,ap
94814,G. Shōji,df,rb,rb,wb
77558,G. Sigurðsson,md,ram,ram,wp
269152,G. Simeone,fw,st,cam,cf
14945,G. Sio,fw,st,cam,af
26044,G. Sunu,fw,rw,cam,if
32798,G. Svensson,md,cdm,cdm,hb
20596,G. Torje,md,lam,lam,w
116997,G. Torres,fw,st,cam,af
116166,G. Varela,df,lb,lcm,fb
461671,G. Volpicelli,md,lcm,lcm,cm
8744,G. Whelan,md,cdm,cdm,dm
116,G. Wijnaldum,md,cam,cam,ap
49876,G. Xhaka,md,cm,cm,cm
8297,G. dos Santos,fw,lw,cam,w
45,G. van der Wiel,df,lb,lcm,fb
3441,Gabi,md,lcm,lcm,cm
41363,Gabriel,df,cb,cdm,bpd
415917,Gabriel,df,rb,rb,fb
43051,Gabriel,md,rcm,rcm,bwm
340386,Gabriel Jesus,fw,st,cam,cf
21550,Gabriel Silva,df,rb,rcm,wb
40800,Ganso,md,cam,cam,ap
227059,Gelson Martins,fw,lw,lcm,w
5400,Gerard Moreno,fw,lw,cam,if
275497,Gerard Valentín,df,lb,lcm,fb
340019,Gerson,md,cam,cam,am
338249,Gil Dias,fw,lw,lam,w
8266,Gomes,gk,gk,cb,
237034,Gonçalo Guedes,fw,rw,ram,iw
3317,Granero,md,cm,cm,bwm
3267,Guaita,gk,gk,cb,
5481,Guerrero,fw,st,cam,dlf
40614,Guilherme,md,cm,cm,dlp
70834,Guilherme,md,lam,lam,wm
336371,Guilherme Arana,df,rb,rb,fb
263091,Gumbau,md,rcm,rcm,dlp
3970,Gálvez,df,cb,cdm,cb
397046,H. Aouar,md,ram,ram,wp
9283,H. Arter,md,cm,cm,cm
112777,H. Ayala,df,cb,cb,bpd
14715,H. Badstuber,df,cb,cdm,cb
32642,H. Balta,df,rb,cdm,wb
448708,H. Barnes,md,ram,rw,wm
26069,H. Bazile,fw,rw,cam,iw
25988,H. Bedimo,df,rb,rcm,fb
419784,H. Choudhury,md,cdm,cdm,dm
116293,H. Cummings,df,cb,cb,cb
56394,H. Dalsgaard,df,lb,lcm,fb
294697,H. Diallo,fw,lw,lw,w
57226,H. Halldórsson,gk,gk,cb,
280419,H. Hateboer,df,lb,lam,wb
112459,H. Herrera,md,cam,cam,ap
8717,H. Kane,fw,st,cam,cf
408052,H. Koffi,gk,gk,cb,
25381,H. Lloris,gk,gk,cb,
295156,H. Lozano,fw,rw,ram,iw
135207,H. Magnússon,df,rb,rcm,wb
8653,H. Maguire,df,rb,rcm,wb
437011,H. Mahou,md,ram,ram,w
229198,H. Manzala,md,ram,ram,wp
285457,H. Maïga,md,lcm,lcm,dlp
426702,H. Mendyl,df,rb,rcm,fb
105338,H. Mkhitaryan,md,cam,cam,am
3795,H. Moreno,df,rb,rb,fb
293080,H. Nagguez,df,lb,lam,wb
15012,H. Nordtveit,md,cdm,cdm,dm
3539,H. Pérez,md,lam,lam,wp
8686,H. Robson-Kanu,fw,lw,lam,iw
25604,H. Saivet,md,cdm,cdm,hb
94695,H. Sakai,df,lb,lcm,wb
20766,H. Seferović,fw,st,cam,cf
393881,H. Toledo,fw,lw,lam,w
228963,H. Traoré,df,lb,lcm,fb
240070,H. Winks,md,cm,cm,bwm
95010,H. Yamaguchi,md,rcm,rcm,cm
221039,H. Ziyech,md,cam,cam,am
15524,H. Çalhanoğlu,md,ram,ram,w
404209,Han Kwang-Song,fw,st,cam,af
122615,Hattan Bahbir,md,lam,lam,w
134797,Hernani,md,cam,cam,ap
4366,Hernán,md,lcm,lcm,cm
25993,Hilton,df,cb,cdm,cb
545811,Hugo Duro,fw,rw,cam,w
3827,Hugo Mallo,df,lb,lcm,fb
122918,Hussain Al Mogahwi,md,lam,lam,w
349687,Hwang Hee-Chan,fw,lw,cam,w
138633,Hyun-Soo Jang,df,cb,cdm,bpd
256043,Hyun-Woo Cho,gk,gk,cb,
6925,Héctor,df,rb,rcm,fb
20390,I. Abate,df,lb,lcm,fb
3343,I. Afellay,md,lcm,lcm,cm
101576,I. Akinfeev,gk,gk,cb,
28232,I. Amadou,md,cdm,cdm,a
224801,I. Bebou,fw,st,cam,f9
20692,I. Belfodil,fw,st,cam,af
255935,I. Brown,fw,rw,ram,w
25534,I. Cissokho,df,lb,lcm,wb
22158,I. Cofie,md,cdm,cdm,dm
25859,I. Diomandé,md,cdm,cdm,dm
286380,I. Diop,df,lb,lcm,wb
241134,I. Díaz,fw,rw,ram,w
38094,I. Ezekiel,fw,st,cam,af
471771,I. Faraj,md,lam,lam,wm
208089,I. Fossum,md,rcm,rcm,bwm
521939,I. Ganago,fw,st,cam,dlf
25706,I. Gueye,md,cm,cm,dlp
49992,I. Hajrović,md,lam,lam,w
134294,I. Hayden,md,lcm,lcm,dlp
51262,I. Kiese Thelin,fw,lw,cam,w
393247,I. Konaté,df,lb,lcm,wb
103668,I. Kutepov,df,lb,cdm,wb
99633,I. Lewczuk,df,lb,lcm,fb
22377,I. M'baye,df,lb,lcm,wb
276983,I. Mbenza,fw,lw,cam,iw
498357,I. Niane,fw,rw,ram,iw
14812,I. Perišić,md,ram,ram,w
21564,I. Radovanović,md,cdm,cdm,a
3476,I. Rakitić,md,cm,cm,cm
26327,I. Saadi,fw,st,cam,cf
412701,I. Sacko,fw,lw,cam,if
375001,I. Sangaré,md,cm,cm,dlp
15004,I. Santini,fw,st,cam,af
448079,I. Sarr,md,cam,cam,ss
119630,I. Slimani,fw,rw,cam,if
373441,I. Smith,df,lb,lw,fb
101825,I. Smolnikov,df,lb,lam,wb
105361,I. Strinić,df,rb,rcm,fb
285509,I. Success,fw,lw,lam,iw
203113,I. Sylla,df,rb,rcm,wb
14758,I. Traoré,md,lam,lam,w
26086,I. Traoré,df,lb,lb,wb
3840,Iago Aspas,fw,lw,lam,if
8148,Iago Falqué,fw,lw,lam,iw
4476,Iago Herrerín,gk,gk,cb,
3423,Ibai Gómez,md,lam,lam,wp
3676,Illarramendi,md,cm,cm,cm
279570,Imanol Sarriegi,md,cam,cam,ap
3353,Iniesta,md,ram,ram,w
3399,Iraizoz,gk,gk,cb,
3563,Isco,md,ram,ram,w
3414,Iturraspe,md,cm,cm,dlp
70974,Iuri Medeiros,fw,lw,cam,if
254189,Ivi,fw,rw,ram,iw
279555,Iván Alejo,md,lam,lam,w
4786,Iván Balliu,df,lb,lcm,fb
3919,Iván López,df,lb,lcm,fb
352748,Iván Rodríguez,df,lb,lcm,fb
247141,Iñaki Williams,fw,lw,lam,iw
344075,Iñigo Córdoba,md,ram,ram,wm
125284,J. Acosta,df,cb,cdm,cb
141172,J. Aholou,md,cm,cm,dlp
77548,J. Allen,md,cm,cm,bwm
213308,J. Alonso,df,rb,rb,fb
214628,J. Amavi,df,rb,rcm,fb
145787,J. Andersen,df,cb,cdm,bpd
491365,J. Arp,fw,st,cam,af
279780,J. Augustin,fw,st,cam,dlf
25571,J. Ayew,fw,rw,cam,if
276944,J. Bamba,fw,lw,cam,if
15188,J. Baumgartlinger,md,cm,cm,dlp
240032,J. Bednarek,df,cb,cdm,bpd
385655,J. Billong,df,lb,lb,fb
26543,J. Blayac,fw,st,cam,af
14716,J. Boateng,df,lb,lcm,wb
227756,J. Boga,fw,lw,lw,w
26970,J. Bouet,gk,gk,cdm,
146583,J. Brandt,md,cam,cam,ss
284469,J. Brekalo,md,cam,cam,ss
25411,J. Briand,fw,rw,ram,if
18974,J. Brooks,df,rb,cdm,wb
14887,J. Bruma,df,lb,lb,wb
347366,J. Bruun Larsen,fw,lw,cm,if
8094,J. Butland,gk,gk,cb,
58105,J. Böðvarsson,fw,st,cam,dlf
14804,J. Błaszczykowski,md,lam,lam,wp
228902,J. Calleri,fw,st,cam,af
26038,J. Campbell,fw,lw,lam,iw
9615,J. Chester,df,cb,cdm,cb
33,J. Cillessen,gk,gk,gk,
8005,J. Collins,df,cb,cdm,cb
26433,J. Cordoval,df,lb,lcm,fb
8125,J. Cork,md,cm,cm,dlp
112522,J. Corona,fw,st,st,af
207001,J. Correa,md,ram,ram,w
20751,J. Cuadrado,md,lam,lam,wp
365707,J. Cullen,md,lcm,lcm,cm
91519,J. Córdoba,fw,st,cam,af
8296,J. Defoe,fw,st,cam,cf
38236,J. Delaplace,md,lcm,lcm,bwm
437636,J. Deminguet,md,ram,ram,wm
278872,J. Denayer,df,rb,rb,fb
7850,J. Djourou,df,cb,cdm,bpd
248632,J. Dompé,md,lam,lam,wm
14862,J. Draxler,md,ram,ram,w
50023,J. Drmic,fw,lw,cam,iw
50812,J. Durmaz,md,cam,cam,am
366203,J. Eggestein,fw,st,cam,cf
413041,J. El Yamiq,df,cb,cdm,bpd
135788,J. Elez,df,rb,rb,fb
7914,J. Evans,df,cb,cdm,cb
14872,J. Farfán,fw,rw,ram,w
25403,J. Ferri,md,lcm,lcm,bwm
364850,J. Firpo,df,rb,rcm,fb
62344,J. Fulton,md,rcm,rcm,cm
25647,J. Féret,md,cm,cm,bwm
336178,J. Gallardo,md,rcm,rb,mz
228980,J. Gbamin,md,cdm,cdm,a
15455,J. Geis,md,lcm,lcm,cm
301013,J. Gelin,df,lb,lcm,wb
227894,J. Giménez,df,lb,cdm,wb
29291,J. Giraudon,df,lb,lb,fb
366581,J. Gnagnon,df,cb,cdm,bpd
257899,J. Gomez,df,lb,lcm,wb
17136,J. Gondorf,md,cam,cam,am
159,J. Gouweleeuw,df,cb,cdm,cb
82230,J. Greguš,md,rcm,rcm,cm
29137,J. Grimm,md,lcm,lcm,dlp
151,J. Guidetti,fw,st,cam,cf
25861,J. Guilavogui,md,lcm,lcm,dlp
93,J. Guðmunds­son,md,lam,lam,wm
100140,J. Góralski,md,rcm,rcm,dlp
15487,J. Haberer,md,cam,cam,am
8301,J. Hart,gk,gk,cb,
18669,J. Hector,df,rb,rcm,wb
7964,J. Henderson,md,cm,cm,cm
8980,J. Hendrick,md,cam,cam,am
7941,J. Hernández,fw,lw,cam,if
18591,J. Hofmann,md,lam,lam,wm
8897,J. Hogg,md,cdm,cdm,a
92899,J. Holebas,df,rb,rcm,wb
284524,J. Horn,df,rb,rcm,fb
280157,J. Hugill,fw,rw,cam,w
9739,J. Ibe,md,lam,lam,w
26055,J. Ielsch,df,rb,rcm,wb
28528,J. Ikoko,df,cb,lcm,cb
344744,J. Ikoné,fw,lw,lam,if
20820,J. Iličić,fw,lw,lam,iw
217872,J. Iloki,md,lam,lam,w
62743,J. Irvine,md,lam,lam,wm
91381,J. Izquierdo,fw,rw,ram,w
354547,J. Jankto,md,ram,ram,wp
65084,J. Jantscher,md,lam,lam,wm
278913,J. Kayembe,md,lam,lam,w
286825,J. Kenny,df,lb,lcm,fb
224593,J. Kimmich,df,lb,lam,wb
9637,J. King,fw,rw,cam,if
55957,J. Knudsen,df,rb,rcm,fb
16884,J. Korb,df,lb,lcm,fb
410062,J. Koundé,df,lb,lb,fb
21285,J. Kucka,md,lcm,lcm,dlp
21620,J. Kurtič,md,cam,cam,am
8833,J. Lascelles,df,lb,lb,wb
325781,J. Lea Siliki,md,cam,cam,ap
61963,J. Ledley,md,rcm,rcm,cm
255738,J. Lerma,md,cm,cm,dlp
7934,J. Lingard,md,cam,cam,ss
8285,J. Livermore,md,lcm,lcm,bwm
120,J. Locadia,fw,lw,lam,iw
274488,J. Lolley,md,ram,ram,w
37745,J. Lukaku,df,rb,ram,wb
56038,J. Lössl,gk,gk,cb,
62235,J. Magennis,fw,lw,cam,w
352992,J. Makengo,md,ram,ram,wm
30427,J. Marié,md,cm,cm,dlp
26065,J. Martin,md,cm,cm,bwm
25526,J. Martins-Pereira,df,lb,lcm,fb
3355,J. Mascherano,df,cb,cdm,bpd
14870,J. Matip,df,lb,lcm,wb
239294,J. Mauri,md,lam,lam,wm
8623,J. McArthur,md,cm,cm,bwm
8624,J. McCarthy,md,cm,cm,dlp
8530,J. McClean,md,ram,ram,wm
8319,J. Milner,md,cam,cam,ap
91702,J. Mojica,df,rb,rcm,fb
3599,J. Montero,md,ram,ram,w
25557,J. Morel,df,rb,rb,fb
8374,J. Morrison,md,cam,cam,am
15782,J. Morávek,md,cm,cm,dlp
26216,J. Moulin,gk,gk,cb,
4065,J. Murillo,df,rb,rb,wb
293686,J. Murphy,md,cam,cam,am
62091,J. Murphy,md,ram,ram,wm
91122,J. Narváez,md,cam,cam,ap
448038,J. Ngoy,fw,rw,ram,w
209211,J. Nkololo,md,lam,lam,w
8522,J. O'Shea,df,cb,cb,cb
20525,J. Obi,md,rcm,rcm,bwm
7898,J. Obi Mikel,md,cm,cm,bwm
209207,J. Obiang,df,rb,rcm,fb
70273,J. Oblak,gk,gk,cb,
25919,J. Palmieri,df,rb,rcm,fb
86366,J. Palomino,df,cb,cdm,cb
25440,J. Pastore,md,cam,cam,tq
253822,J. Pavlenka,gk,gk,cb,
125774,J. Penedo,gk,gk,cb,
10131,J. Pickford,gk,gk,cb,
25415,J. Pied,df,lb,lcm,fb
69964,J. Pivarić,df,rb,rcm,fb
25596,J. Plašil,md,cm,cm,cm
35477,J. Pohjanpalo,fw,st,cam,dlf
241957,J. Pollersbeck,gk,gk,cb,
280116,J. Porsan-Clemente,fw,lw,lcm,w
229078,J. Prior,gk,gk,cb,
8142,J. Puncheon,md,ram,ram,wp
91019,J. Quintero,md,lam,lam,wp
366542,J. Reine-Adelaide,md,lam,lam,wp
234138,J. Repas,md,ram,ram,w
240559,J. Riedewald,df,rb,rcm,wb
61367,J. Risdon,df,lb,lcm,fb
26138,J. Rivierez,df,lb,lcm,wb
8958,J. Rodriguez,fw,st,cam,af
401861,J. Rodriguez,md,ram,ram,w
70096,J. Rodríguez,md,cam,cam,ap
25457,J. Roussillon,df,rb,ram,wb
14904,J. Sala,df,lb,lcm,wb
335763,J. Sambia,md,cam,cam,am
447223,J. Sancho,md,ram,ram,w
14764,J. Schieber,fw,rw,ram,w
8501,J. Schlupp,df,rb,rcm,wb
14997,J. Schmid,md,lcm,lcm,mz
14998,J. Schuster,md,cdm,cdm,dm
131959,J. Seri,md,cm,cm,cm
472126,J. Serrano,df,rb,rcm,wb
7967,J. Shelvey,md,cm,cm,cm
137298,J. Silva,df,rb,rcm,fb
415747,J. Simpson,df,rb,rb,fb
302520,J. Sims,md,lam,lam,w
234408,J. Sinclair,fw,st,cam,af
104745,J. Skalák,md,lam,lw,wm
25883,J. Sorbon,df,rb,rb,wb
8391,J. Speroni,gk,gk,cb,
8959,J. Stanislas,md,cam,cam,ss
8136,J. Stephens,df,lb,lcm,wb
9380,J. Stones,df,cb,cdm,bpd
56026,J. Stryger Larsen,df,lb,lcm,wb
228768,J. Tah,df,lb,lcm,wb
9433,J. Tarkowski,df,cb,cdm,cb
278513,J. Tell,fw,lw,cam,iw
26006,J. Tinhan,fw,lw,cam,iw
149389,J. Toljan,df,cb,cm,bpd
8554,J. Tomkins,df,cb,cdm,cb
275121,J. Torunarigha,df,rb,rb,fb
3573,J. Toulalan,md,cdm,cdm,hb
415748,J. Tymon,df,rb,rcm,fb
70379,J. Urretavizcaya,md,lam,lw,wm
503185,J. Vagnoman,df,lb,lam,fb
12829,J. Vardy,fw,st,cam,cf
125452,J. Venegas,md,cam,cam,am
25541,J. Veretout,md,rcm,rcm,bwm
48,J. Vertonghen,df,rb,rcm,wb
15806,J. Vestergaard,df,cb,cdm,bpd
363648,J. Villalba,fw,st,st,af
192,J. Vuković,df,cb,cb,cb
8752,J. Walters,fw,st,cam,af
8221,J. Ward,df,lb,lcm,wb
8989,J. Ward,md,lam,lam,wm
8144,J. Ward-Prowse,md,lam,lam,wp
224677,J. Weigl,md,cm,cm,cm
110,J. Willems,df,rb,rcm,wb
8421,J. Williams,md,cam,cam,am
346159,J. Willock,md,rcm,rcm,dlp
7873,J. Wilshere,md,cam,cam,ap
3535,J. de Guzmán,md,cm,cm,bwm
3349,J. dos Santos,md,ram,ram,wp
101616,J. Ďurica,df,rb,rb,fb
82359,J. Šural,fw,lw,lam,w
15781,Ja-Cheol Koo,md,cam,cam,ap
299121,Jae-Sung Lee,md,lcm,lcm,bwm
396539,Jaime Sierra,md,cdm,cdm,dm
3708,Jairo Samperio,md,cam,cam,am
247220,Jason,md,lam,lam,w
215265,Jaume,gk,gk,cb,
3534,Jaume Costa,df,rb,rcm,fb
4361,Javi Castellano,md,cdm,cdm,a
4332,Javi Fuego,md,cdm,cdm,dm
70120,Javi García,md,cdm,cdm,a
3806,Javi López,df,lb,lcm,fb
3436,Javi Manquillo,df,cb,rcm,cb
3416,Javi Martínez,md,cm,cm,cm
408293,Javi Ontiveros,md,lam,lam,w
263766,Jemerson,df,rb,rb,wb
3326,Jesé Rodríguez,fw,rw,ram,iw
3557,Jesús Gámez,df,rb,ram,wb
3474,Jesús Navas,md,lam,lam,w
282441,Jesús Vallejo,df,cb,cdm,bpd
247207,Joan Jordán,md,cam,cam,am
3571,Joaquín,md,cam,cam,am
279571,Jon Bautista,fw,st,cam,af
279566,Jon Guridi,md,ram,ram,wp
48318,Jonathan Cafu,fw,rw,ram,w
4379,Jonathan Viera,md,cam,cam,tq
20728,Jonathas,fw,rw,cam,iw
4424,Jonny,df,rb,rcm,wb
6684,Jony,md,ram,ram,w
49862,Joo-Ho Park,df,rb,ram,fb
3269,Jordi Alba,df,rb,ram,wb
3788,Jordi Amat,df,cb,rcm,bpd
405977,Jordi Mboula,fw,lw,lam,w
300784,Jorge,df,rb,rcm,fb
275384,Jorge Meré,df,cb,cdm,bpd
3605,Jorge Molina,fw,st,cam,af
21315,Jorginho,md,cam,cam,ap
3327,Joselu,fw,st,cam,f9
339857,José Arnáiz,fw,rw,ram,w
3313,José Callejón,fw,lw,lam,w
8126,José Fonte,df,cb,cdm,cb
4892,José Gayá,df,rb,rcm,fb
225089,José Luis Morales,md,cam,cam,ss
265807,José Naranjo,fw,rw,ram,w
20436,José Ángel,df,rb,rcm,fb
4911,Jozabed,md,rcm,rcm,bwm
135903,João Cancelo,df,lb,lcm,wb
3431,João Miranda,df,cb,cdm,bpd
70093,João Moutinho,md,cm,cm,bwm
70965,João Mário,md,cam,cam,am
116171,João Pedro,md,ram,ram,wm
3281,Juan Bernat,df,rb,ram,wb
3468,Juan Cala,df,cb,cdm,cb
568583,Juan Cruz,fw,lw,lam,w
20518,Juan Jesus,df,rb,rcm,wb
7906,Juan Mata,md,lam,lam,w
3325,Juanfran,df,lb,lcm,fb
3447,Juanfran,df,lb,lcm,fb
3735,Juankar,df,rb,rcm,fb
3576,Juanmi,fw,rw,ram,iw
4360,Juanpe,df,cb,cdm,bpd
5791,Juanpi,md,cam,cam,am
388832,Julio Gracia,md,lcm,lcm,cm
14866,Jurado,md,cam,cam,ap
27354,Júlio Tavares,fw,st,cam,af
25957,K. Adénon,df,cb,cb,cb
134392,K. Akpoguma,df,lb,lcm,wb
352986,K. Amian,df,cb,cdm,cb
79149,K. Ansarifard,fw,rw,ram,w
20588,K. Asamoah,md,rcm,rcm,mz
28866,K. Azamoum,md,lcm,lcm,bwm
3710,K. Babacar,fw,st,cam,cf
61979,K. Bartley,df,lb,lb,wb
14786,K. Bellarabi,md,lam,lam,w
3321,K. Benzema,fw,st,cam,cf
20402,K. Boateng,md,cam,cam,am
289827,K. Bonifazi,df,cb,cdm,cb
29625,K. Boutaïb,fw,rw,cam,w
26665,K. Bérigaud,fw,st,cam,dlf
15795,K. Casteels,gk,gk,cb,
21235,K. Cissé,fw,rw,ram,w
231139,K. Coman,fw,rw,ram,iw
25444,K. Coulibaly,fw,st,cam,cf
372904,K. Dabila,df,cb,cdm,bpd
366217,K. Danso,df,lb,lb,fb
8826,K. Darlow,gk,gk,cb,
38021,K. De Bruyne,md,cam,cam,tq
221333,K. Demirbay,md,cm,cm,bwm
25523,K. Djidji,df,cb,cdm,cb
281254,K. Dolberg,fw,lw,cam,w
244335,K. Dolly,fw,rw,ram,iw
142,K. El Ahmadi,md,cm,cm,dlp
25445,K. Gameiro,fw,st,cam,dlf
7853,K. Gibbs,df,rb,rcm,fb
21097,K. Glik,df,lb,lb,wb
33032,K. Grosicki,md,ram,ram,w
14992,K. Guédé,fw,lw,lcm,w
425925,K. Havertz,md,lam,lam,wm
279721,K. Hinds,fw,rw,rcm,w
101592,K. Honda,md,lam,lw,w
285508,K. Iheanacho,fw,lw,cam,if
391449,K. Jakob,df,cb,cdm,bpd
50771,K. Johnsson,gk,gk,cb,
16110,K. Kampl,md,cam,cam,ap
165431,K. Karaman,fw,rw,ram,if
6292,K. Kodro,fw,st,cam,af
25726,K. Koulibaly,df,rb,rcm,wb
25408,K. Källström,md,rcm,rcm,cm
62001,K. Lafferty,fw,st,cam,af
282804,K. Laimer,md,lcm,lcm,mz
26498,K. Lala,df,cb,lcm,cb
333913,K. Lasagna,fw,rw,cam,iw
138174,K. Linetty,md,ram,ram,wp
10108,K. Long,df,cb,cdm,cb
144867,K. Malcuit,df,lb,lcm,fb
25641,K. Mangane,df,lb,cdm,wb
92966,K. Manolas,df,lb,lcm,wb
413002,K. Mavropanos,df,cb,cdm,bpd
353833,K. Mbappé,fw,lw,cam,iw
92922,K. Mirallas,md,cam,cam,ss
93331,K. Mitroglou,fw,st,cam,af
26042,K. Monnet-Paquet,fw,rw,ram,if
99446,K. Mączyński,md,cm,cm,dlp
133897,K. N'Diaye,gk,gk,cb,
331923,K. N'Doram,md,cdm,cdm,a
8336,K. Naughton,df,lb,lcm,fb
3915,K. Navas,gk,gk,cb,
354,K. Németh,fw,rw,ram,w
12,K. Omeruo,df,rb,rb,fb
66654,K. Onisiwo,md,lam,lam,wp
279709,K. Palmer,md,cam,cam,am
14857,K. Papadopoulos,df,cb,cdm,cb
15039,K. Rausch,df,rb,rcm,fb
8309,K. Rekik,df,cb,cdm,bpd
26603,K. Rimane,df,lb,lb,fb
101813,K. Saláta,df,cb,cb,cb
8480,K. Schmeichel,gk,gk,cb,
66,K. Sigþórsson,fw,lw,cam,w
366374,K. Soni,md,cam,cam,am
92947,K. Stafylidis,df,rb,rcm,fb
114,K. Strootman,md,ram,ram,wp
1712,K. Tete,df,lb,lcm,fb
25643,K. Théophile Catherine,df,cb,cdm,cb
26638,K. Toko Ekambi,fw,rw,cam,iw
15062,K. Trapp,gk,gk,cb,
8945,K. Trippier,df,lb,lcm,wb
14842,K. Vogt,df,cb,cdm,bpd
15231,K. Volland,fw,st,cam,cf
8277,K. Walker,df,lb,lcm,wb
402884,K. Walker-Peters,df,lb,lam,fb
125575,K. Waston,df,rb,rcm,wb
65254,K. Wimmer,df,rb,rb,fb
493415,K. Zohi,fw,lw,lam,w
25854,K. Zouma,df,cb,cdm,cb
62221,K. Árnason,df,cb,cdm,cb
21894,Keko,md,lam,lam,wm
254898,Kenedy,md,ram,ram,wp
3874,Kike García,fw,st,cam,af
3785,Kiko Casilla,gk,gk,cb,
3351,Kiko Femenía,df,lb,lcm,wb
278316,Koke,gk,gk,cdm,
3443,Koke,md,cm,cm,bwm
256084,Kwon Chang-Hoon,md,lam,lam,w
209012,Kévin Rodrigues,df,rb,rcm,fb
114709,L. Advíncula,df,lb,lcm,fb
86489,L. Alario,fw,st,cam,dlf
21872,L. Antei,df,lb,lb,fb
21272,L. Antonelli,df,rb,rcm,wb
51217,L. Augustinsson,df,rb,rcm,fb
25625,L. Baal,df,rb,rcm,fb
388267,L. Bailey,fw,rw,cam,iw
8239,L. Baines,df,rb,rcm,fb
16443,L. Balogun,df,lb,cdm,wb
14781,L. Bender,md,lcm,lcm,mz
37732,L. Biglia,md,cm,cm,cm
15317,L. Bittencourt,md,ram,ram,w
340920,L. Blas,md,cam,cam,ap
26046,L. Bonnefoi,gk,gk,cb,
20459,L. Bonucci,df,cb,cdm,bpd
334817,L. Boyé,fw,rw,ram,w
77550,L. Britton,md,cm,cm,cm
26869,L. Butelle,gk,gk,cb,
282194,L. Bénes,md,cm,cm,cm
3885,L. Cabrera,df,rb,rcm,fb
20704,L. Caldirola,df,rb,rb,fb
20555,L. Cana,df,cb,cdm,cb
134429,L. Capezzi,md,cm,cm,cm
26084,L. Carole,df,rb,rcm,fb
86301,L. Castro,md,lcm,lcm,bwm
21639,L. Ceppitelli,df,cb,cdm,cb
86319,L. Chichizola,gk,gk,cb,
20850,L. Cigarini,md,cm,cm,cm
38075,L. Ciman,df,lb,lcm,fb
302518,L. Cook,md,cm,cm,dlp
366760,L. Coulibaly,md,lcm,lcm,bwm
20526,L. Crisetig,md,cm,cm,dlp
472938,L. Crosta,gk,gk,cb,
20927,L. De Silvestri,df,lb,lcm,fb
26314,L. Deaux,md,cm,cm,bwm
21678,L. Del Pinto,md,cm,cm,dlp
134702,L. Dendoncker,md,lcm,lb,cm
38377,L. Depoitre,fw,lw,cam,w
3315,L. Diarra,md,cm,cm,cm
25701,L. Digne,df,rb,rcm,fb
285727,L. Dimata,fw,rw,cam,w
217878,L. Diony,fw,st,cam,af
242446,L. Dubois,df,lb,lcm,wb
9097,L. Dunk,df,rb,rb,wb
262,L. Fer,md,lcm,lcm,bwm
426704,L. Fournier,md,lam,lam,wm
238832,L. Garritano,md,ram,ram,wp
26022,L. Gassama,df,lb,lb,fb
134387,L. Goretzka,md,lcm,lcm,bwm
470517,L. Goudiaby,md,lcm,lcm,mz
8935,L. Grant,gk,gk,cb,
279545,L. Hernández,df,rb,rcm,fb
65124,L. Hinterseer,fw,lw,lam,w
14864,L. Holtby,md,cam,cam,ap
55951,L. Hradecky,gk,gk,cb,
271990,L. Höler,fw,lw,cam,w
21385,L. Insigne,fw,rw,rw,w
258264,L. Jović,fw,st,cam,cf
69353,L. Kalinić,gk,gk,cdm,
15175,L. Karius,gk,gk,cb,
74943,L. Kleinheisler,md,cam,cam,ss
258252,L. Klostermann,df,cb,lcm,cb
272338,L. Klünter,df,lb,lam,wb
7855,L. Koscielny,df,cb,cdm,bpd
82266,L. Krejčí,fw,rw,ram,w
134540,L. Kurzawa,df,rb,rcm,wb
18670,L. Kübler,df,lb,lb,fb
134951,L. Lacroix,df,cb,cdm,cb
56441,L. Lerager,md,lcm,lcm,bwm
531655,L. Lumeka,fw,rw,ram,w
86785,L. López,df,cb,cdm,cb
433100,L. Mai,df,lb,cdm,wb
448215,L. Maina,md,lam,lam,w
292310,L. Mazzitelli,md,lcm,lcm,bwm
22323,L. Memushaj,md,cm,cm,dlp
3359,L. Messi,fw,st,cam,cf
127537,L. Milivojević,md,cm,cm,dlp
8287,L. Modrić,md,lam,lam,wp
22864,L. Mora,md,rcm,rcm,bwm
366546,L. Mothiba,fw,st,cam,af
245813,L. Mousset,fw,rw,cam,if
20764,L. Muriel,fw,rw,cam,iw
179,L. Narsingh,md,lam,lam,w
353241,L. Nmecha,fw,st,st,af
86338,L. Ocampos,fw,rw,ram,iw
131862,L. Ovalle,df,rb,rb,fb
22933,L. Pavoletti,fw,lw,cam,if
328333,L. Pellegrini,md,lam,lam,wp
25864,L. Perrin,df,cb,cdm,bpd
256706,L. Phiri,md,cm,cm,cm
15291,L. Podolski,fw,rw,rw,w
26068,L. Puyo,md,cm,cm,bwm
20655,L. Rigoni,md,lcm,lcm,bwm
23386,L. Rizzo,md,ram,ram,wm
9622,L. Rosenior,df,lb,lb,fb
20776,L. Rossettini,df,cb,cdm,bpd
15942,L. Rupp,md,cm,cm,bwm
25577,L. Rémy,fw,rw,ram,iw
245364,L. Sané,md,ram,ram,w
25589,L. Sané,df,cb,cdm,cb
405,L. Schöne,md,lcm,lcm,bwm
22817,L. Sepe,gk,gk,cb,
8135,L. Shaw,df,rb,rcm,fb
360778,L. Sparandeo,df,rb,rb,fb
190167,L. Spinazzola,md,ram,ram,wp
15051,L. Stindl,fw,lw,cam,if
256854,L. Suárez,md,ram,ram,wm
7972,L. Suárez,fw,rw,cam,if
83752,L. Sânmărtean,md,ram,ram,wp
399564,L. Sørensen,md,cdm,cdm,dm
114864,L. Tejada,fw,st,st,af
21006,L. Tonelli,df,cb,cdm,cb
333571,L. Torreira,md,cm,cm,dlp
342743,L. Tousart,md,cdm,cdm,dm
101795,L. Traoré,fw,st,cam,af
4255,L. Ulloa,fw,rw,cam,w
284960,L. Venuti,df,cb,cdm,cb
262384,L. Vido,fw,rw,cam,iw
86307,L. Vietto,fw,st,cam,cf
258254,L. Waldschmidt,fw,rw,cam,if
352985,L. Zidane,gk,gk,cb,
223560,L. Öztunali,md,lam,lam,w
350569,L. Šimić,df,cb,cdm,cb
4358,Laguardia,df,lb,lb,fb
472489,Lara,md,ram,ram,wm
40538,Leandro Castán,df,rb,rb,fb
8049,Lee Chung-Yong,md,cam,cam,am
403546,Lee Seung-Woo,fw,rw,ram,if
230862,Lekue,df,lb,lcm,wb
4180,Lombán,df,cb,cdm,cb
364820,Loren Morón,fw,st,cam,cf
7965,Lucas Leiva,md,cm,cm,cm
40301,Lucas Lima,df,rb,rcm,wb
40765,Lucas Moura,fw,lw,cam,if
105541,Lucas Pérez,fw,st,cam,cf
4498,Lucas Vázquez,fw,lw,lam,w
3484,Luis Alberto,md,ram,ram,w
5472,Luis Hernández,df,lb,lb,wb
70451,Luisinho,df,rb,rcm,fb
250134,Luiz Araújo,fw,rw,ram,iw
376362,Luiz Felipe,df,cb,cdm,bpd
14722,Luiz Gustavo,md,rcm,rcm,cm
3464,Luna,df,rb,rcm,fb
377757,Lyanco,df,rb,rb,fb
7623,Léo Baptistão,fw,lw,lam,iw
7986,M. Abeid,md,cdm,cdm,dm
89073,M. Acuña,md,ram,ram,wp
20803,M. Aguirregaray,df,cb,rcm,cb
297957,M. Akanji,df,cb,cdm,bpd
8013,M. Albrighton,md,cm,cm,bwm
25562,M. Amalfitano,md,cam,cam,am
20636,M. Andreolli,df,cb,cdm,bpd
21114,M. Antenucci,fw,st,cam,cf
8677,M. Antonio,fw,lw,cam,iw
405602,M. Antonucci,fw,st,cam,af
286448,M. Arambarri,md,cm,cm,dlp
14703,M. Arnautović,fw,st,cam,cf
14938,M. Arnold,md,rcm,rcm,dlp
69400,M. Badelj,md,cm,cm,cm
14802,M. Bakalorz,md,cm,cm,bwm
8326,M. Balotelli,fw,rw,cam,if
215869,M. Bani,df,cb,cdm,cb
4348,M. Barbosa,gk,gk,cb,
491409,M. Barrow,fw,st,cam,cf
21104,M. Basha,md,cdm,cdm,dm
38093,M. Batshuayi,fw,st,cam,dlf
49971,M. Bauer,df,lb,lcm,wb
354041,M. Ben Amor,md,rcm,rb,cm
22380,M. Benassi,md,lam,lam,wp
20579,M. Benatia,df,cb,cdm,bpd
372316,M. Benger,md,lcm,lb,cm
14908,M. Berg,fw,lw,cam,if
14886,M. Bešić,md,cdm,cdm,dm
20512,M. Bianchetti,df,lb,lb,fb
25423,M. Biševac,df,lb,lcm,wb
25433,M. Bodmer,df,cb,cm,bpd
91156,M. Borja,fw,st,st,af
20476,M. Borriello,fw,rw,cam,if
101846,M. Boussoufa,md,cm,cm,bwm
55968,M. Braithwaite,fw,st,cam,cf
21160,M. Britos,df,rb,rcm,wb
69968,M. Brozović,md,cm,cm,bwm
22099,M. Büchel,md,rcm,rcm,dlp
288663,M. Caldara,df,cb,cdm,cb
21370,M. Capuano,df,rb,rcm,wb
101847,M. Carcela-González,md,ram,st,wm
7928,M. Carrick,md,cm,cm,cm
330387,M. Coco,md,cam,cam,am
24269,M. Coda,fw,st,cam,cf
15800,M. Compper,df,cb,cdm,bpd
228946,M. Cornet,fw,lw,lam,iw
8761,M. Cranie,df,cb,cdm,bpd
21725,M. Cremonesi,df,rb,rcm,wb
404219,M. Cuisance,md,lam,lam,wp
20460,M. Cáceres,df,cb,cdm,bpd
21322,M. D'Alessandro,fw,rw,ram,iw
272363,M. Dahoud,md,ram,ram,wp
21095,M. Darmian,df,cb,cdm,cb
20395,M. De Sciglio,df,lb,lcm,wb
25700,M. Debuchy,df,lb,lcm,wb
11152,M. Dembélé,md,rcm,rcm,bwm
118,M. Depay,fw,rw,ram,iw
25990,M. Deplagne,df,lb,lcm,fb
20796,M. Destro,fw,rw,cam,if
419204,M. Diaby,fw,lw,lam,w
292654,M. Diakhaby,df,cb,cdm,cb
25939,M. Diallo,md,cm,cm,bwm
8620,M. Diamé,md,cm,cm,dlp
15054,M. Diouf,fw,lw,lam,iw
140046,M. Dmitrović,gk,gk,cb,
86716,M. Dos Santos,df,cb,cdm,cb
26512,M. Dossevi,md,lam,lam,w
272234,M. Dräger,md,lam,lam,wm
25519,M. Dupé,gk,gk,cdm,
104851,M. Dúbravka,gk,gk,cb,
286823,M. Egbo,df,lb,lb,fb
272440,M. Eggestein,md,lcm,lcm,bwm
264778,M. El Id,md,cdm,cdm,a
14821,M. Esser,gk,gk,cb,
112253,M. Fabián,md,cam,cam,ss
328336,M. Fares,fw,rw,rcm,w
8249,M. Fellaini,md,lcm,lcm,bwm
20406,M. Flamini,md,lcm,lcm,bwm
23427,M. Fossati,md,cdm,cdm,a
15131,M. Frantz,md,cm,cm,bwm
391441,M. Friedl,df,rb,rcm,fb
20857,M. Gabbiadini,fw,st,cam,cf
237267,M. Gajić,df,lb,lcm,wb
15199,M. Gavranović,fw,st,cam,af
22152,M. Gazzola,df,lb,lcm,wb
136011,M. Gaćinović,md,cam,cam,am
14991,M. Ginter,df,lb,lcm,wb
20495,M. Gobbi,df,rb,rcm,fb
25405,M. Gonalons,md,cm,cm,bwm
26971,M. Gorgelin,gk,gk,cb,
221443,M. Gouaida,md,rcm,rcm,bwm
25860,M. Gradel,fw,rw,ram,w
65180,M. Gregoritsch,fw,rw,cam,if
237268,M. Grujić,md,rcm,rcm,cm
19720,M. Gulde,df,cb,cdm,bpd
14731,M. Gómez,fw,st,cam,cf
14806,M. Götze,md,cam,cam,tq
18579,M. Halstenberg,df,rb,rcm,wb
21171,M. Hamšík,md,ram,ram,wp
14760,M. Harnik,fw,lw,cam,if
14929,M. Hasebe,md,cdm,cdm,dm
149050,M. Hassen,gk,gk,cb,
26109,M. Haïdara,df,rb,rb,fb
15474,M. Hefele,df,cb,cb,cb
15695,M. Heller,md,lam,lam,w
65075,M. Hinteregger,df,rb,rb,fb
14914,M. Hitz,gk,gk,cb,
355937,M. Holgate,df,lb,lcm,wb
285538,M. Hosseini,df,rb,rb,fb
14795,M. Hummels,df,rb,rcm,wb
14863,M. Höger,md,cm,cm,dlp
206314,M. Icardi,fw,st,cam,cf
3866,M. Iturra,md,lcm,lcm,dlp
21078,M. Izco,md,lcm,lcm,dlp
192748,M. James,md,cm,cm,dlp
70100,M. Janko,fw,st,cam,cf
8410,M. Jedinak,md,lcm,lcm,dlp
127685,M. Jojić,md,cam,cam,ap
55979,M. Jørgensen,df,lb,cdm,wb
99410,M. Kamiński,df,rb,rcm,wb
23124,M. Kanoute,fw,rw,ram,w
410031,M. Kean,fw,st,cam,af
7919,M. Keane,df,cb,cdm,cb
7958,M. Kelly,df,lb,lb,fb
146569,M. Kempf,df,rb,rb,fb
97582,M. Konaté,fw,st,cam,af
74968,M. Korhut,df,rb,rb,fb
105587,M. Koval,gk,gk,cb,
69404,M. Kovačić,md,rcm,rcm,dlp
78488,M. Kozáčik,gk,gk,cb,
56025,M. Krohn-Dehli,md,cm,cm,bwm
16025,M. Kruse,fw,rw,cam,if
4009,M. Lacen,md,rcm,rcm,dlp
49977,M. Lang,df,lb,lcm,fb
41174,M. Lanzini,md,ram,ram,wp
112366,M. Layún,df,lb,lcm,wb
226200,M. Lazzari,md,lam,lam,wp
26093,M. Le Bihan,fw,rw,ram,if
26135,M. Le Marchand,df,rb,rb,fb
15020,M. Leckie,fw,lw,lam,w
15253,M. Lehmann,md,cdm,cdm,a
29640,M. Lemina,md,cm,cm,dlp
292991,M. Lemos,df,cb,cdm,bpd
37836,M. Lestienne,md,lam,lam,w
286226,M. Locatelli,md,cm,cm,cm
280115,M. Lopez,md,lcm,lcm,cm
8643,M. Lowton,df,lb,lcm,fb
61949,M. Lustig,df,lb,lcm,fb
449978,M. Léris,fw,rw,ram,w
134496,M. Maignan,gk,gk,cb,
14943,M. Mandžukić,fw,rw,ram,w
5653,M. Mantovani,df,cb,cb,cb
404226,M. Maolida,fw,rw,ram,iw
15449,M. Mavraj,df,cb,cdm,cb
62331,M. McGovern,gk,gk,cb,
134369,M. Meyer,md,cm,cm,cm
146459,M. Meza,md,cam,cam,am
26938,M. Michel,gk,gk,cb,
61425,M. Milligan,md,rcm,rb,cm
337890,M. Mittelstädt,df,rb,rcm,wb
333803,M. Mohammadi,df,rb,rb,fb
257752,M. Moreno,fw,st,st,af
361498,M. Murillo,df,lb,lcm,fb
3526,M. Musacchio,df,lb,lcm,wb
20932,M. Nastasić,df,rb,rb,fb
376474,M. Ndockyt,md,ram,ram,wp
14712,M. Neuer,gk,gk,cb,
290119,M. Niakhaté,df,rb,rb,fb
25898,M. Niang,fw,rw,ram,iw
8561,M. Noble,md,cm,cm,dlp
447538,M. Obafemi,fw,st,st,af
93341,M. Oikonomou,df,lb,lb,fb
375771,M. Olivera,df,rb,rcm,wb
116225,M. Olivera,df,rb,rcm,fb
8192,M. Olsson,df,rb,rcm,fb
266885,M. Olunga,fw,st,cam,af
15772,M. Ostrzolek,df,rb,rcm,fb
21350,M. Parolo,md,lcm,lcm,bwm
69525,M. Pavlović,df,cb,cdm,bpd
99438,M. Pazdan,df,rb,rb,fb
21468,M. Perin,gk,gk,cb,
19392,M. Philipp,fw,rw,ram,iw
9414,M. Phillips,md,lam,lam,w
83824,M. Pintilii,md,cm,cm,dlp
135810,M. Pjaca,fw,st,cam,af
20443,M. Pjanić,md,cm,cm,cm
15125,M. Plattenhardt,df,rb,rcm,fb
343116,M. Poaty,df,rb,rcm,fb
208696,M. Politano,fw,st,cam,cf
26945,M. Poundjé,df,rb,rcm,fb
79449,M. Pouraliganji,df,lb,cdm,wb
24964,M. Pucciarelli,fw,st,cam,cf
9293,M. Pugh,md,ram,ram,w
397178,M. Rashford,fw,rw,ram,iw
239191,M. Rashica,fw,lw,cam,iw
15024,M. Reus,fw,st,cam,cf
337960,M. Richter,fw,lw,lam,iw
21730,M. Rigione,df,lb,lcm,fb
15194,M. Risse,md,lam,lam,wp
9227,M. Ritchie,md,lam,lam,wp
284315,M. Rog,md,lam,lam,wp
51151,M. Rohdén,md,cm,cm,bwm
101652,M. Rojo,df,rb,rb,wb
14923,M. Russ,df,cb,cdm,cb
61390,M. Ryan,gk,gk,cb,
99391,M. Rybus,df,rb,rcm,fb
65596,M. Sabitzer,md,lam,lam,w
25430,M. Sakho,df,rb,rb,wb
25930,M. Samassa,gk,gk,cb,
21280,M. Sampirisi,df,lb,lcm,fb
209086,M. Sanson,md,cam,cam,ss
393228,M. Sarr,df,rb,rb,fb
21865,M. Sau,fw,st,cam,f9
14800,M. Schmelzer,df,rb,rcm,fb
15050,M. Schmiedebach,md,cm,cm,dlp
8143,M. Schneiderlin,md,cm,cm,dlp
391439,M. Shabani,md,lam,lam,wp
3509,M. Shojaei,md,lam,lam,wm
20811,M. Silvestre,df,lb,lcm,wb
21573,M. Silvestri,gk,gk,cdm,
25804,M. Sissoko,md,lam,lam,wp
23705,M. Sportiello,gk,gk,cb,
221376,M. Steinmann,md,cdm,cdm,a
173213,M. Stendera,md,cm,cm,bwm
32539,M. Stoch,md,ram,ram,wm
99511,M. Stępiński,fw,st,cam,af
64966,M. Suttner,df,rb,rb,fb
471589,M. Sylla,fw,st,cam,cf
28364,M. Tahrat,df,cb,cm,cb
79320,M. Taremi,fw,lw,cm,if
281135,M. Targett,df,rb,rcm,fb
15533,M. Terrazzino,fw,rw,ram,w
394006,M. Terrier,fw,rw,ram,iw
301017,M. Thuram,fw,rw,ram,iw
149091,M. Tisserand,df,cb,cdm,cb
3289,M. Topal,md,cdm,cb,hb
115146,M. Trauco,df,rb,rcm,fb
11156,M. Trotta,fw,lw,cam,if
347026,M. Tumminello,fw,st,cam,dlf
286506,M. Udol,df,rb,rcm,fb
101796,M. Ureña,fw,st,cam,af
15292,M. Uth,fw,lw,cam,iw
21019,M. Valdifiori,md,cm,cm,cm
20414,M. Valoti,md,rcm,rcm,dlp
116349,M. Vecino,md,lcm,lcm,bwm
11095,M. Veljkovic,df,cb,cdm,cb
21383,M. Verratti,md,lcm,lcm,cm
339192,M. Vitale,md,ram,ram,wp
77536,M. Vorm,gk,gk,cb,
25885,M. Wagué,df,lb,lb,fb
375348,M. Wagué,df,lb,lcm,wb
3538,M. Wakaso,md,rcm,rcm,dlp
15276,M. Weiser,md,lam,lam,wp
224680,M. Wolf,md,lam,lam,wp
25996,M. Yanga-Mbiwa,df,cb,cdm,bpd
703,M. Yoshida,df,cb,cdm,bpd
246633,M. Zaccagni,md,cm,cm,bwm
189821,M. Zeegelaar,df,rb,rcm,fb
25399,M. Zeffane,df,cb,rcm,bpd
224709,M. Zetterer,gk,gk,rb,
15015,M. Zimmermann,md,lcm,lcm,mz
101620,M. da Costa,df,cb,cdm,bpd
625,M. de Roon,md,lcm,lcm,bwm
15008,M. ter Stegen,gk,gk,cb,
284,M. van der Hoorn,df,lb,lb,fb
3319,M. Özil,md,cam,cam,tq
476054,M. Ćavar,md,lcm,lcm,cm
82528,M. Ďuriš,fw,lw,lam,w
83082,M. Škoda,fw,st,cam,dlf
138408,M. Škriniar,df,cb,cdm,bpd
7960,M. Škrtel,df,lb,lb,fb
119932,Mahmoud Kahraba,md,cam,cam,ss
300485,Malcom,fw,lw,lam,iw
7585,Manu García,md,cm,cm,dlp
32599,Manuel Fernandes,md,cam,cam,am
341751,Marc Navarro,df,lb,lcm,fb
341752,Marc Roca,md,rcm,rcm,cm
3310,Marcelo,df,rb,ram,wb
102,Marcelo,df,lb,lcm,wb
288091,Marco Asensio,md,cam,cam,ss
8032,Marcos Alonso,df,rb,ram,wb
279538,Marcos Llorente,md,lcm,lcm,cm
5167,Mariano Díaz,fw,rw,cam,iw
3529,Mario,df,lb,lcm,fb
257006,Mario González,fw,st,st,af
279533,Mario Hermoso,df,rb,rb,fb
3674,Markel Bergara,md,lcm,lcm,dlp
266286,Marlon,df,lb,lb,wb
40539,Marquinhos,df,lb,lcm,wb
489488,Martín,df,lb,lcm,fb
120225,Marwan Mohsen,fw,st,cam,af
70981,Marçal,df,rb,rcm,fb
254188,Matías Nahuel,md,lam,lam,wm
41368,Maurício,df,rb,rb,fb
395636,Maxi Gómez,fw,st,cam,dlf
20422,Maxi López,fw,st,cam,af
247222,Medrán,md,cm,cm,dlp
70711,Mexer,df,cb,cb,cb
500200,Miguel,df,rb,rb,fb
5327,Miguel Cifuentes,df,lb,lam,wb
4003,Miguel Torres,df,rb,cdm,wb
21288,Miguel Veloso,md,cm,cm,cm
50800,Miiko Albornoz,df,rb,rcm,fb
339789,Mikel Merino,md,cm,cm,dlp
355599,Mikel Oyarzabal,md,cam,cam,ss
5290,Mikel Rico,md,rcm,rcm,bwm
95299,Min-Woo Kim,md,rcm,rcm,mz
7857,Miquel,df,rb,cdm,wb
119975,Mohamed Abdel-Shafi,df,rb,rb,fb
120000,Mohamed El Shenawy,gk,gk,cb,
120339,Mohamed Elneny,md,cm,cm,cm
120353,Mohamed Salah,fw,lw,lw,iw
122671,Mohammad Al Sahlawi,fw,rw,cam,w
292954,Mohammed Al Burayk,df,lb,lcm,fb
248328,Mohammed Al Owais,gk,gk,cb,
284147,Mohammed Kanno,md,lam,lam,wm
3856,Molinero,df,cb,lcm,cb
4362,Momo,md,ram,ram,wp
3339,Montoya,df,lb,lcm,fb
139391,Motaz Hawsawi,df,rb,rb,fb
3994,Moyà,gk,gk,cb,
488750,Mozo,md,rcm,rcm,dlp
122749,Muhannad Asiri,fw,rw,ram,w
516397,Mujaid Sadick,df,lb,lb,fb
3425,Muniain,fw,rw,cam,if
3340,Muniesa,df,rb,rb,fb
6509,Munir,gk,gk,cb,
278278,Munir,fw,st,cam,af
41123,Mário Fernandes,df,lb,lcm,wb
22107,Mário Rui,df,rb,rcm,fb
4238,Míchel,df,lb,lcm,fb
134102,N. Aké,df,rb,rcm,wb
263614,N. Amiri,md,ram,ram,wp
32968,N. Amrabat,fw,st,cam,af
286223,N. Barella,md,cm,cm,bwm
396628,N. Basin,df,rb,rcm,fb
26956,N. Benezet,md,cam,cam,am
144766,N. Bentaleb,md,cm,cm,cm
20429,N. Burdisso,df,cb,cdm,bpd
261,N. Chadli,md,cam,cam,ap
7888,N. Chalobah,md,rcm,rcm,bwm
86350,N. Champagne,gk,gk,cb,
8392,N. Clyne,df,lb,lam,wb
477744,N. Cozza,df,rb,rcm,fb
149074,N. Dirar,md,lcm,lcm,mz
367620,N. Dorsch,md,cam,cam,ap
37959,N. Dussenne,df,cb,cdm,cb
77552,N. Dyer,md,lam,lam,w
3934,N. El Zhar,md,lam,lam,w
236528,N. Elvedi,df,cb,lcm,cb
28115,N. Fekir,md,cam,cam,ss
14705,N. Füllkrug,fw,st,cam,cf
70121,N. Gaitán,md,ram,ram,w
229119,N. Gandi,md,rcm,rcm,dlp
21959,N. Giannetti,fw,lw,cam,iw
104937,N. Gyömbér,df,rb,rb,fb
342075,N. Haas,md,cm,cm,bwm
15430,N. Höfler,md,cm,cm,dlp
367146,N. Janvier,md,cam,cam,am
15080,N. Jørgensen,fw,st,cam,cf
105376,N. Kalinić,fw,st,cam,cf
31528,N. Kanté,md,cm,cm,bwm
289711,N. Keïta,md,cam,cam,ap
265864,N. Maksimović,md,lcm,lcm,bwm
127524,N. Maksimović,df,lb,lcm,wb
70122,N. Matić,md,rcm,rcm,cm
9525,N. McGinn,md,lam,lam,wm
134542,N. Mendy,md,cm,cm,cm
424241,N. Milenković,df,lb,lcm,wb
77,N. Moisander,df,rb,rcm,wb
341973,N. Mukiele,df,lb,lcm,fb
20869,N. Murru,df,rb,rcm,fb
15192,N. Müller,md,lam,lw,wm
25558,N. N'Koulou,df,lb,lb,wb
471968,N. Nartey,df,cb,cam,cb
74958,N. Nikolić,fw,rw,ram,w
299618,N. Nández,md,lam,lam,wm
70086,N. Otamendi,df,cb,cdm,bpd
26276,N. Pallois,df,cb,cdm,cb
101649,N. Pareja,df,lb,lb,wb
14734,N. Petersen,fw,st,cam,cf
415348,N. Pierini,fw,rw,ram,w
12242,N. Pope,gk,gk,cb,
247671,N. Pépé,fw,lw,lam,iw
140125,N. Radoja,md,cm,cm,bwm
237274,N. Radonjić,md,ram,ram,wm
8116,N. Redmond,md,ram,ram,w
21148,N. Rigoni,md,cm,cm,dlp
25716,N. Roux,fw,rw,ram,iw
22578,N. Sansone,fw,rw,cam,if
272436,N. Sarenren-Bazee,md,lam,lam,w
18982,N. Schulz,md,ram,ram,wp
26100,N. Sliti,md,ram,ram,w
21072,N. Spolli,df,cb,cdm,cb
83753,N. Stanciu,md,cam,cam,ss
173212,N. Stark,df,lb,lcm,wb
14801,N. Subotić,df,cb,cdm,bpd
134383,N. Süle,df,cb,cdm,bpd
86722,N. Tagliafico,df,rb,rcm,wb
77544,N. Taylor,df,rb,rcm,fb
20748,N. Tomović,df,cb,cdm,cb
22695,N. Viola,md,cm,cm,dlp
284476,N. Vlašić,md,lam,lam,wm
9179,N. Wells,fw,st,cam,af
402014,N. Zanellato,md,lam,lam,wm
8315,N. de Jong,md,cdm,cdm,a
25923,N. de Préville,fw,rw,cam,iw
3320,N. Şahin,md,cm,cm,bwm
3304,Nacho,df,cb,cdm,bpd
293862,Nacho Gil,fw,rw,ram,w
3560,Nacho Monreal,df,rb,rcm,wb
302542,Nacho Vidal,df,lb,lcm,fb
14689,Naldo,df,cb,cdm,cb
41124,Naldo,df,cb,cb,bpd
7926,Nani,md,cam,cam,ss
293857,Nano,fw,st,cam,af
285139,Nathan,md,cam,cam,am
20922,Neto,gk,gk,cb,
40810,Neymar,fw,rw,ram,iw
21298,Nicolas,gk,gk,cb,
70125,Nolito,fw,rw,ram,w
215130,Nuno Da Costa,fw,lw,lam,iw
222770,Nélson Semedo,df,lb,lcm,wb
14979,O. Baumann,gk,gk,cb,
145014,O. Bulut,md,lam,lam,wm
346071,O. Burke,md,lam,lam,w
286390,O. Dembélé,fw,lw,lw,w
218896,O. Duda,md,cam,cam,am
78991,O. Ebrahimi,md,lcm,lcm,dlp
30320,O. El Hajjam,df,lb,lcm,fb
424624,O. Etebo,fw,rw,cm,if
26010,O. Giroud,fw,st,cam,cf
120717,O. Haddadi,df,rb,rcm,fb
51145,O. Hiljemark,md,cam,cam,ap
83953,O. Hoban,md,cam,cam,am
5295,O. Ighalo,fw,lw,lam,w
92864,O. Karnezis,gk,gk,cb,
50272,O. Kayode,fw,rw,cam,iw
16922,O. Kragl,md,lcm,lcm,dlp
105328,O. Kucher,df,rb,rcm,fb
286404,O. Käuper,md,cm,cm,dlp
51398,O. Lewicki,md,lcm,lcm,dlp
349099,O. Mangala,md,lcm,lcm,bwm
288865,O. McBurnie,fw,lw,lam,w
91002,O. Murillo,df,rb,rb,wb
28965,O. Nguette,fw,rw,ram,w
145692,O. Niasse,fw,st,cam,dlf
8773,O. Norwood,md,rcm,rcm,dlp
403272,O. Okwonkwo,fw,lw,cam,if
112710,O. Peralta,fw,st,cam,af
15285,O. Roshi,md,lam,lam,w
54380,O. Selnæs,md,cdm,cdm,a
101856,O. Shatov,md,cam,cam,am
14988,O. Sorg,df,lb,lcm,fb
405880,O. Stijepović,fw,st,st,af
1751,O. Tannane,fw,lw,lam,w
123,O. Toivonen,fw,st,cam,f9
223071,O. Tufan,md,lcm,lcm,dlp
342194,O. Verdon,df,lb,lb,fb
112377,O. Vizcarrondo,df,cb,cdm,bpd
15014,O. Wendt,df,rb,rcm,fb
223546,O. Wriedt,fw,rw,ram,w
241564,O. Zinchenko,md,ram,ram,wp
7869,O. Özyakup,md,cm,cm,bwm
15076,O. Şahan,md,lam,lam,w
278289,Odriozola,df,lb,lam,wb
3330,Oier,gk,gk,cb,
122651,Omar Hawsawi,df,rb,rb,fb
4509,Omar Mascarell,md,cm,cm,dlp
5195,Omar Ramos,md,cam,cam,am
247150,One,df,cb,cb,cb
7899,Oriol Romeu,md,cm,cm,dlp
122839,Osama Hawsawi,df,lb,lb,fb
295569,Otávio,md,cdm,cdm,dm
139078,P. Aquino,md,cdm,cdm,dm
25867,P. Aubameyang,fw,st,cam,cf
8516,P. Bardsley,df,lb,lcm,fb
14692,P. Bargfrede,md,cdm,cdm,dm
26332,P. Baysse,df,cb,cdm,cb
303357,P. Billing,md,rcm,rcm,dlp
69658,P. Brlek,md,cm,cm,bwm
328488,P. Burner,df,lb,lcm,fb
21162,P. Cannavaro,df,cb,cdm,cb
27646,P. Capelle,md,cm,cm,bwm
8747,P. Crouch,fw,st,cam,af
351010,P. Cutrone,fw,st,cam,dlf
86517,P. De Blasis,fw,rw,ram,w
3704,P. Diop,md,cam,cam,ap
25524,P. Djilobodji,df,rb,rb,wb
7978,P. Dummett,df,rb,rb,fb
89186,P. Dybala,fw,lw,lam,if
448246,P. Dárdai,fw,rw,ram,w
7915,P. Evra,df,rb,rcm,fb
220359,P. Faragò,md,lcm,lcm,mz
447205,P. Foden,md,ram,ram,w
114798,P. Gallese,gk,gk,cb,
8992,P. Gazzaniga,gk,gk,cb,
264084,P. Gollini,gk,gk,cb,
26134,P. Gouano,df,lb,lb,fb
15526,P. Groß,md,cam,cam,am
14909,P. Guerrero,fw,rw,cam,iw
9611,P. Gulácsi,gk,gk,cb,
269060,P. Hernández,md,cm,cm,dlp
15018,P. Herrmann,md,lam,lam,wp
20653,P. Hetemaj,md,rcm,rcm,bwm
144713,P. Hrošovský,md,lcm,lcm,dlp
114624,P. Hurtado,md,lcm,lcm,mz
135114,P. Højbjerg,md,cm,cm,dlp
22135,P. Iemmello,fw,st,cam,f9
391643,P. Jaeckel,df,lb,lb,fb
8245,P. Jagielka,df,cb,cdm,cb
50806,P. Jansson,df,cb,lcm,cb
269188,P. Jaroszyński,df,rb,rcm,fb
7918,P. Jones,df,cb,cdm,bpd
82487,P. Kadeřábek,df,lb,lcm,wb
231138,P. Kimpembe,df,rb,rcm,wb
25829,P. Lasne,md,rcm,rcm,bwm
277629,P. Lees Melou,md,cm,cm,bwm
255732,P. Lienhart,df,lb,lb,fb
101596,P. Mamaev,md,cam,cam,ap
29616,P. Martinez,df,rb,rb,fb
221411,P. Max,df,rb,rcm,fb
136704,P. McNair,df,cb,lam,cb
7856,P. Mertesacker,df,cb,cdm,cb
99453,P. Nakoulma,fw,rw,cam,if
25514,P. Ntep,md,ram,ram,w
297701,P. Ochs,fw,lw,lam,w
99437,P. Olkowski,df,lb,lcm,wb
26539,P. Oniangué,md,lam,lam,wp
32959,P. Pekarík,df,lb,lcm,fb
481329,P. Pellegri,fw,st,cam,af
3293,P. Piatti,fw,rw,ram,w
7936,P. Pogba,md,cam,cam,ap
344178,P. Retsos,df,cb,cdm,cb
20911,P. Schiattarella,md,lcm,lcm,bwm
234359,P. Schick,fw,lw,lam,iw
15256,P. Schwegler,md,cm,cm,dlp
241945,P. Sisto,md,ram,ram,wm
14905,P. Skjelbred,md,cm,cm,dlp
25703,P. Souaré,df,rb,ram,fb
272378,P. Stenzel,df,lb,lcm,fb
16010,P. Tschauner,gk,gk,cb,
99,P. Tytoń,gk,gk,cb,
15775,P. Verhaegh,df,lb,lcm,fb
8313,P. Zabaleta,df,lb,lcm,fb
99902,P. Zieliński,md,ram,ram,w
454,P. van Aanholt,df,rb,rcm,wb
7882,P. Čech,gk,gk,cb,
41127,Pablo,df,cb,cdm,bpd
399676,Pablo Fornals,md,cam,cam,ap
263105,Pablo Maffeo,df,lb,lam,wb
4015,Pablo Sarabia,md,cam,cam,am
6950,Pablo Ínsua,df,lb,lb,fb
3291,Paco Alcácer,fw,lw,cam,if
339812,Pape Diop,md,rcm,rb,cm
4792,Patric,df,cb,lcm,bpd
247206,Pau López,gk,gk,cb,
400549,Pau Torres,df,rb,rcm,wb
40550,Paulinho,md,cam,cam,ap
70507,Paulo Oliveira,df,lb,lcm,wb
3360,Pedro,fw,rw,cam,if
4232,Pedro Alcalá,df,lb,cdm,wb
4014,Pedro León,md,lam,lam,w
3920,Pedro López,df,lb,lcm,fb
6577,Pedro López,gk,gk,cb,
3308,Pedro Mendes,df,cb,cdm,cb
4511,Pedro Mosquera,md,rcm,rcm,dlp
20620,Pedro Obiang,md,cm,cm,dlp
345740,Pedro Pereira,df,lb,lcm,wb
135901,Pedro Rebocho,df,rb,rcm,fb
3305,Pepe,df,lb,lcm,wb
7949,Pepe Reina,gk,gk,cb,
230895,Pere Pons,md,lcm,lcm,dlp
3802,Philippe Coutinho,fw,rw,ram,if
3341,Piqué,df,lb,lcm,wb
354123,Pol Lirola,df,lb,lcm,fb
3572,Portillo,md,lam,lam,wp
3287,Portu,md,lam,lam,w
28055,Q. Beunardeau,gk,gk,cb,
374118,Q. Boisgard,md,cam,cam,ss
243931,Q. Cornette,fw,lw,lam,w
337225,R. Aarons,md,cam,cam,am
14766,R. Adler,gk,gk,cb,
28335,R. Aguilar,df,lb,lcm,wb
16126,R. Almer,gk,gk,cb,
26311,R. Amalfitano,md,cm,cm,dlp
361536,R. Avila,md,rcm,rcm,bwm
32706,R. Azofeifa,md,rcm,rcm,cm
268180,R. Bajić,fw,lw,lam,w
391425,R. Baku,md,rcm,rcm,bwm
8246,R. Barkley,md,lam,lam,w
223516,R. Bauer,df,lb,lb,fb
1729,R. Bazoer,md,cm,cm,bwm
120900,R. Bedoui,df,lb,lcm,wb
334720,R. Bensebaini,df,rb,rcm,wb
361807,R. Bentancur,md,cm,cm,bwm
85438,R. Berič,fw,lw,cam,if
7885,R. Bertrand,df,rb,ram,wb
49907,R. Bobadilla,fw,st,cam,af
25461,R. Boudebouz,md,lam,lam,wp
9623,R. Brady,md,ram,ram,wp
49968,R. Bürki,gk,gk,cb,
25999,R. Cabella,md,cam,cam,am
25474,R. Camara,md,cam,cam,ss
213387,R. Centurión,md,cam,cam,am
272829,R. Cheshmi,df,cb,cdm,cb
220341,R. Chibsah,md,lcm,lcm,dlp
26508,R. Cohade,md,lcm,lcm,bwm
326946,R. Coly,df,rb,rcm,fb
25637,R. Danzé,df,lb,lcm,wb
56009,R. Durmisi,df,rb,rcm,wb
7974,R. Elliot,gk,gk,cb,
3450,R. Falcao,fw,st,cam,dlf
224965,R. Framberger,df,lb,lcm,wb
62224,R. Fraser,md,cam,cam,tq
49991,R. Freuler,md,rcm,rcm,bwm
14847,R. Fährmann,gk,gk,cb,
241676,R. Gagliardini,md,cm,cm,bwm
26528,R. Genevois,df,lb,lb,fb
28117,R. Ghezzal,md,lam,lam,w
99749,R. Gikiewicz,gk,gk,cb,
295176,R. Gosens,df,rb,rcm,wb
282445,R. Guerra,md,lcm,lcm,cm
26583,R. Gurtner,gk,gk,cb,
75209,R. Guzmics,df,cb,cb,bpd
56146,R. Gíslason,fw,lw,lam,iw
373350,R. Hack,md,lam,lam,wp
25889,R. Hamouma,fw,lw,cam,iw
447254,R. Harper,md,ram,ram,wm
370224,R. Holding,df,cb,cdm,bpd
15094,R. Hubník,df,rb,rb,wb
21438,R. Inglese,fw,st,cam,af
54579,R. Jarstein,gk,gk,cb,
112392,R. Jiménez,fw,rw,ram,w
37724,R. Juhász,df,lb,lb,fb
289122,R. Karsdorp,df,lb,lcm,wb
8025,R. Keane,fw,rw,rw,w
343729,R. Kent,md,cam,cam,ss
8764,R. Keogh,df,cb,cdm,cb
16826,R. Khedira,md,cdm,cdm,dm
74,R. Klavan,df,rb,rb,wb
14917,R. Knoche,df,cb,cdm,bpd
336829,R. Koch,df,cb,cdm,cb
413597,R. Kouamé,df,rb,rcm,wb
20685,R. Krhin,md,cdm,cdm,dm
16151,R. Kruse,fw,rw,ram,w
225324,R. Kurzawa,md,cm,cm,bwm
14817,R. Lewandowski,fw,st,cam,cf
235555,R. Loftus-Cheek,md,cam,cam,am
7905,R. Lukaku,fw,st,cam,cf
139295,R. M'Bolhi,gk,gk,cdm,
26150,R. Mahrez,md,lam,lam,w
15142,R. Mak,fw,lw,lam,w
302799,R. Mandragora,md,rcm,rcm,dlp
267134,R. Martínez,fw,st,cam,cf
786,R. Mazáň,df,rb,ram,wb
21119,R. Meggiorini,fw,st,cam,af
20943,R. Montolivo,md,cm,cm,cm
59003,R. Márquez,df,cb,cm,bpd
20879,R. Nainggolan,md,cam,cam,am
397098,R. Nelson,md,lam,lam,w
15022,R. Neustädter,df,cb,cdm,bpd
65064,R. Okotie,fw,lw,lam,w
50798,R. Olsen,gk,gk,cb,
373768,R. Orsolini,fw,lw,lam,iw
340476,R. Oxford,df,lb,lcm,wb
21296,R. Palacio,fw,rw,cam,iw
20506,R. Palladino,fw,rw,ram,w
20593,R. Pereyra,md,cam,cam,ss
301016,R. Perraud,df,lb,lw,fb
396616,R. Pierre-Gabriel,df,cb,cdm,cb
51013,R. Quaison,md,cam,cam,ss
105330,R. Raț,df,rb,rb,fb
79098,R. Rezaeian,df,lb,lb,fb
25715,R. Rodelin,fw,st,cam,f9
14922,R. Rodríguez,df,rb,rcm,wb
254,R. Rosales,df,lb,lcm,fb
105371,R. Rotan,md,cm,cm,cm
89571,R. Ruidíaz,fw,lw,lam,w
21025,R. Saponara,md,cam,cam,am
26226,R. Saïss,md,rcm,rb,cm
8731,R. Shawcross,df,cb,cdm,cb
101568,R. Shirokov,md,cam,cam,am
55983,R. Sigurðsson,df,cb,cb,cb
20623,R. Soriano,md,cam,cam,am
342088,R. Souici,df,lb,lcm,fb
217052,R. Steffen,md,cm,cm,bwm
11066,R. Sterling,fw,st,cam,cf
139075,R. Tapia,md,cdm,cdm,dm
29474,R. Thomas,df,rb,rb,wb
91263,R. Torres,df,lb,lb,fb
3309,R. Varane,df,lb,lcm,wb
25384,R. Vercoutre,gk,gk,cb,
59126,R. Wallace,md,ram,rw,wm
149053,R. Walter,md,cm,cm,dlp
14794,R. Weidenfeller,gk,gk,cb,
361214,R. Zekhnini,fw,rw,ram,w
222798,R. Zentner,gk,gk,cb,
15032,R. Zieler,gk,gk,cb,
103682,R. Zobnin,md,cm,cm,dlp
105380,R. Zozulya,fw,st,cam,af
65207,R. Zulj,md,cam,cam,am
213948,R. de Paul,md,cam,cam,am
365441,R. van Drongelen,df,rb,rb,fb
173,R. van La Parra,md,ram,ram,wm
20523,R. Álvarez,md,cam,cam,ss
16411,R. Özcan,gk,gk,cb,
247212,Rafa Navarro,df,lb,lcm,wb
222676,Rafa Silva,md,ram,rw,wm
7920,Rafael,df,lb,lcm,wb
21299,Rafael,gk,gk,cb,
41034,Rafael Tolói,df,lb,lcm,wb
15107,Raffael,fw,st,cam,cf
3344,Rafinha,md,cam,cam,tq
14718,Rafinha,df,cb,cm,bpd
332605,Ramadan Sobhi,md,ram,ram,wm
3407,Ramalho,df,lb,lb,fb
86325,Ramiro Funes Mori,df,rb,rb,wb
3642,Ramis,df,cb,cdm,cb
28907,Raphaël Guerreiro,df,rb,rcm,wb
3398,Raúl Fernández,gk,gk,cb,
6513,Raúl García,df,rb,rb,fb
3503,Raúl García,md,cam,cam,ss
4350,Raúl Lizoáin,gk,gk,cb,
3828,Raúl Navas,df,cb,cdm,bpd
3568,Recio,md,cm,cm,bwm
14785,Renato Augusto,md,ram,ram,wp
258162,Renato Sanches,md,cam,cam,ap
3307,Ricardo Carvalho,df,rb,rcm,wb
70381,Ricardo Pereira,df,lb,lam,wb
32597,Ricardo Quaresma,fw,lw,lam,w
377071,Richarlison,fw,rw,ram,iw
410055,Rober,df,cb,cdm,cb
3719,Roberto,gk,gk,cb,
15808,Roberto Firmino,fw,st,cam,cf
364860,Rodri,md,cdm,cdm,a
70129,Rodrigo,fw,st,cam,cf
208694,Rodrigo Ely,df,cb,cdm,cb
3937,Roger,fw,st,cam,cf
403449,Rogério,df,rb,rcm,fb
70088,Rolando,df,rb,rb,wb
135913,Rony Lopes,md,cam,cam,ss
4365,Roque Mesa,md,cm,cm,cm
3554,Rubén,gk,gk,cb,
3822,Rubén Blanco,gk,gk,cb,
3604,Rubén Castro,fw,rw,cam,if
225022,Rubén Duarte,df,rb,rcm,fb
3677,Rubén Pardo,md,rcm,rcm,cm
225948,Rubén Peña,md,lcm,lcm,mz
4013,Rubén Pérez,md,cdm,cdm,a
8213,Rubén Rochina,md,lam,lam,wp
134249,Rubén Sobrino,fw,lw,cam,w
70134,Rui Patrício,gk,gk,cb,
20949,Ryder Matos,fw,rw,cam,if
20935,Rômulo,md,lcm,lcm,mz
70956,Rúben Semedo,df,cb,cdm,bpd
211853,Rúben Vezo,df,cb,cdm,cb
8325,S. Agüero,fw,st,cam,cf
391603,S. Ambrosius,df,lb,lb,fb
285590,S. Amrabat,md,lam,lam,wm
86200,S. Araújo,fw,st,st,cf
11294,S. Arfield,md,ram,ram,wp
70136,S. Arias,df,lb,lcm,fb
658,S. Armenteros,fw,st,cam,af
413737,S. Ascacíbar,md,cm,cm,dlp
493725,S. Asta,df,lb,lcm,fb
25785,S. Aurier,df,lb,lcm,wb
79006,S. Azmoun,fw,rw,cam,if
25673,S. Bahoken,fw,st,cam,cf
8566,S. Baldock,fw,rw,ram,w
26378,S. Baradji,md,rcm,rcm,cm
278813,S. Bastien,md,lcm,lcm,bwm
15178,S. Bell,df,cb,cdm,cb
10014,S. Ben Youssef,df,cb,cb,cb
14803,S. Bender,df,rb,rcm,wb
9532,S. Berahino,fw,st,cam,af
215983,S. Boufal,md,ram,ram,w
224206,S. Byram,df,lb,lcm,wb
20403,S. Calvano,md,cm,cm,dlp
26008,S. Camara,fw,st,cam,cf
8688,S. Church,fw,rw,ram,w
64067,S. Cikalleshi,fw,rw,cam,w
54313,S. Ciss,df,rb,rcm,wb
10252,S. Clucas,md,rcm,rcm,bwm
7954,S. Coates,df,lb,lb,fb
8240,S. Coleman,df,lb,lcm,wb
9277,S. Cook,df,cb,cdm,cb
25452,S. Corchia,df,lb,lcm,fb
233855,S. Coulibaly,df,cb,cam,cb
116170,S. Cristóforo,md,cm,cm,dlp
354997,S. Córdova,fw,st,cam,af
80019,S. Dallas,md,ram,ram,wm
8186,S. Dann,df,cb,cdm,cb
93044,S. Darbion,md,ram,ram,wp
61988,S. Davis,md,cm,cm,bwm
20707,S. De Maio,df,cb,cdm,bpd
70092,S. Defour,md,cm,cm,cm
8242,S. Duffy,df,cb,cdm,cb
354552,S. Edera,fw,lw,lam,w
20418,S. El Shaarawy,fw,rw,ram,iw
241647,S. Ezatolahi,md,cdm,cdm,hb
26021,S. Falette,df,rb,rb,fb
7979,S. Ferguson,md,rcm,rcm,cm
434159,S. Field,md,rcm,rcm,bwm
84367,S. Filip,df,rb,rcm,fb
20503,S. Floccari,fw,rw,cam,if
134508,S. Fofana,md,cm,cm,bwm
9279,S. Francis,df,lb,lcm,fb
38095,S. Gakpé,fw,lw,lam,if
50072,S. Gashi,md,lam,lam,wm
26336,S. Gentiletti,df,rb,rcm,wb
53562,S. Ghoddos,fw,rw,ram,w
134397,S. Gnabry,md,cam,cam,ss
295761,S. Grandsir,fw,lw,cam,if
263490,S. Guirassy,fw,rw,cam,w
252473,S. Gustafson,md,cm,cm,bwm
25512,S. Haller,fw,st,cam,af
20571,S. Handanovič,gk,gk,cb,
101583,S. Ignashevich,df,cb,cdm,bpd
65027,S. Ilsanker,md,lcm,lcm,cm
57347,S. Ingason,df,cb,cb,cb
347593,S. Ingelsson,md,cam,cam,am
8017,S. Ireland,md,cm,cm,cm
278867,S. Janko,df,lb,lcm,wb
20948,S. Jovetić,fw,st,cam,dlf
15244,S. Jung,df,lb,lb,fb
14816,S. Kagawa,md,cam,cam,tq
297258,S. Kaikai,md,ram,rw,wm
7904,S. Kalou,fw,rw,ram,iw
26668,S. Khalifa,fw,rw,ram,w
275243,S. Khaoui,md,cam,cam,am
3318,S. Khedira,md,lcm,lcm,bwm
14788,S. Kießling,fw,st,st,af
20433,S. Kjær,df,cb,cdm,bpd
274345,S. Koita,fw,rw,cam,if
14869,S. Kolašinac,df,rb,ram,wb
15771,S. Langkamp,df,cb,cdm,cb
8529,S. Larsson,md,lcm,lcm,mz
20465,S. Lichtsteiner,df,lb,lcm,fb
368340,S. Lo Faso,fw,lw,lam,w
167641,S. Lobotka,md,cm,cm,cm
8384,S. Long,fw,st,cam,af
237269,S. Lukić,md,cdm,cdm,dm
20561,S. Lulić,md,rcm,rcm,mz
15225,S. Maier,md,rcm,rcm,bwm
9280,S. Malone,df,rb,rcm,wb
25552,S. Mandanda,gk,gk,cb,
25747,S. Mané,fw,rw,ram,iw
247248,S. March,md,rcm,rcm,bwm
297733,S. McQueen,md,rcm,rcm,mz
397174,S. McTominay,md,lcm,lcm,bwm
14932,S. Medojević,md,lcm,lcm,cm
90880,S. Mendoza,fw,rw,cam,if
25504,S. Meïté,md,rcm,rcm,bwm
402898,S. Miangue,df,rb,rcm,wb
8514,S. Mignolet,gk,gk,cb,
265865,S. Milinković-Savić,md,ram,ram,wp
22163,S. Missiroli,md,lcm,lcm,bwm
259524,S. Moore,df,lb,lcm,fb
11270,S. Morsy,md,rcm,rcm,dlp
214654,S. Mounié,fw,st,cam,af
299154,S. Moutoussamy,md,cm,cm,bwm
20410,S. Muntari,md,rcm,rcm,dlp
20612,S. Mustafi,df,cb,cdm,bpd
8200,S. N'Zonzi,md,cm,cm,cm
28073,S. Ngom,fw,lw,cam,if
397030,S. Nsoki,df,rb,rb,fb
20505,S. Okaka,fw,st,cam,af
14763,S. Okazaki,fw,st,cam,f9
349102,S. Omeonga,md,lcm,lcm,bwm
20472,S. Padoin,md,rcm,rcm,bwm
364640,S. Palombi,fw,lw,lam,w
14687,S. Papastathopoulos,df,lb,lcm,wb
18728,S. Parker,fw,rw,ram,w
38015,S. Peeters,md,rcm,rcm,bwm
20662,S. Pellissier,fw,st,cam,af
234533,S. Perica,fw,st,cam,af
15282,S. Peszko,md,ram,ram,wm
364641,S. Pontisso,md,rcm,rcm,cm
282799,S. Posch,df,cb,cdm,cb
25470,S. Prcić,md,cm,cm,cm
25479,S. Privat,fw,rw,rw,w
14688,S. Prödl,df,cb,cdm,cb
8658,S. Quinn,md,lam,lw,wm
21373,S. Romagnoli,df,cb,cdm,cb
20606,S. Romero,gk,gk,gk,
3577,S. Rondón,fw,st,cam,af
15811,S. Rudy,md,cm,cm,bwm
25845,S. Ruffier,gk,gk,cb,
15812,S. Salihović,md,cam,cam,am
564512,S. Sanogo,fw,st,cam,af
26115,S. Sané,df,cb,cdm,cb
8311,S. Savić,df,lb,cdm,wb
15821,S. Schipplock,fw,st,cam,af
239288,S. Scuffet,gk,gk,cb,
246063,S. Sensi,md,cm,cm,bwm
302600,S. Serdar,md,cam,cam,am
8533,S. Sessègnon,md,cam,cam,am
137048,S. Simič,df,lb,cdm,wb
25421,S. Sirigu,gk,gk,cb,
20633,S. Sorrentino,gk,gk,cb,
26373,S. Souprayen,df,rb,rb,fb
21290,S. Sturaro,md,lcm,lcm,bwm
344927,S. Sy,gk,gk,cb,
105503,S. Sydorchuk,md,lcm,lcm,bwm
134911,S. Tarashaj,fw,rw,ram,w
20690,S. Taïder,md,cm,cm,bwm
16094,S. Terodde,fw,st,cam,af
14736,S. Ulreich,gk,gk,cb,
350992,S. Umar,fw,st,cam,af
25397,S. Umtiti,df,rb,rcm,wb
21123,S. Verdi,fw,lw,cam,if
9127,S. Vokes,fw,st,cam,af
170738,S. Väisänen,df,cb,cdm,bpd
15085,S. Wagner,fw,rw,cam,if
8433,S. Ward,df,rb,rcm,fb
50069,S. Widmer,df,lb,lcm,fb
25791,S. Yago,df,lb,lcm,fb
22202,S. Zaza,fw,lw,cam,iw
15543,S. Zoller,fw,rw,cam,if
49997,S. Zuber,md,rcm,rcm,mz
130,S. de Vrij,df,cb,cdm,bpd
356903,S. Özcan,md,cm,cm,dlp
32656,S. İnan,md,cdm,cdm,dm
32803,S. Šesták,fw,st,st,af
167119,Sabin Merino,fw,rw,cam,w
3408,Saborit,df,rb,rcm,fb
122832,Salem Al Dawsari,md,ram,ram,wp
122847,Salman Al Faraj,md,rcm,rcm,mz
248950,Samir,df,rb,rb,fb
134174,Samu Castillejo,md,lam,lam,wp
275293,Samu García,md,cam,cam,am
3409,San José,md,cm,cm,dlp
5911,Sandro,fw,rw,cam,iw
8291,Sandro,md,cdm,cdm,a
250885,Santi Mina,fw,rw,cam,if
4488,Saúl,md,rcm,rcm,bwm
209567,Se-Jong Ju,md,cdm,cdm,dm
51625,Seon-Min Moon,md,cam,cam,am
6363,Serantes,gk,gk,cb,
3803,Sergi Darder,md,cm,cm,cm
4048,Sergi Enrich,fw,st,cam,af
3338,Sergi Gómez,df,cb,cdm,bpd
3347,Sergi Roberto,df,lb,lam,wb
5907,Sergi Samper,md,lcm,lcm,dlp
485794,Sergio Arribas,md,rcm,rcm,cm
3428,Sergio Asenjo,gk,gk,cb,
3346,Sergio Busquets,md,cm,cm,cm
14852,Sergio Escudero,df,rb,rcm,fb
3816,Sergio García,fw,st,cam,cf
472696,Sergio Gómez,md,lam,lam,wm
5268,Sergio León,fw,st,cam,dlf
4593,Sergio Mora,md,cm,cm,dlp
3496,Sergio Postigo,df,cb,cdm,bpd
3306,Sergio Ramos,df,rb,rcm,wb
3458,Sergio Rico,gk,gk,cb,
3562,Sergio Sánchez,df,lb,lcm,fb
3821,Sergio Álvarez,gk,gk,cb,
107548,Shin-Wook Kim,fw,rw,cam,w
32577,Sidnei,df,rb,cdm,wb
72397,Simy,fw,st,cam,af
43196,Somália,md,lam,lam,wm
14911,Son Heung-Min,fw,rw,cam,iw
270306,Steven Fortès,df,rb,rcm,wb
382,Suk Hyun-Jun,fw,st,cam,af
61962,Sung-Yeung Ki,md,cm,cm,bwm
3420,Susaeta,md,cam,cam,am
11063,Suso,fw,lw,lam,w
343951,T. Abraham,fw,lw,cam,iw
36,T. Alderweireld,df,lb,lcm,wb
346101,T. Alexander-Arnold,df,lb,lcm,wb
254649,T. Asano,fw,lw,lam,iw
28291,T. Bakayoko,md,rcm,rcm,bwm
235597,T. Baumgartl,df,cb,cdm,cb
8247,T. Cahill,fw,st,st,af
399514,T. Campbell,fw,lw,cam,iw
499295,T. Carrique,df,lb,lam,wb
8976,T. Carroll,md,rcm,rcm,bwm
263803,T. Castagne,df,lb,lcm,wb
15139,T. Chandler,df,cb,cm,cb
99661,T. Cionek,df,lb,lb,fb
7929,T. Cleverley,md,cm,cm,bwm
3429,T. Courtois,gk,gk,cb,
353236,T. Davies,md,cam,cam,am
8903,T. Deeney,fw,rw,cam,w
55990,T. Delaney,md,rcm,rcm,bwm
229110,T. Didillon,gk,gk,cb,
149062,T. Dingomé,md,rcm,rcm,bwm
332821,T. Ebuehi,df,rb,ram,fb
447812,T. Edwards,df,lb,lb,fb
397168,T. Fosu-Mensah,df,lb,lcm,wb
82340,T. Gebre Selassie,df,lb,lcm,wb
25941,T. Giresse,md,lam,lam,wm
356928,T. Handwerker,df,rb,rcm,wb
25622,T. Hazard,fw,rw,cam,if
77502,T. Heaton,gk,gk,cb,
3657,T. Hemed,fw,rw,cam,w
344132,T. Hernández,df,rb,rcm,wb
25878,T. Heurtaux,df,cb,cb,bpd
15265,T. Horn,gk,gk,cb,
101555,T. Hubočan,df,rb,rb,fb
272435,T. Hübers,df,lb,lcm,wb
9419,T. Ince,md,cam,cam,am
14836,T. Inui,md,ram,ram,w
391606,T. Ito,md,cam,cam,am
15019,T. Jantschke,df,lb,lcm,wb
212604,T. Jedvaj,df,cb,lcm,bpd
99462,T. Jodłowiec,md,rcm,rcm,bwm
69978,T. Jurić,fw,lw,cam,if
235606,T. Kehrer,df,cb,cdm,cb
228765,T. Kleindienst,fw,st,cam,af
337656,T. Knöll,fw,lw,lam,w
132,T. Kongolo,df,rb,rcm,fb
82690,T. Koubek,gk,gk,cb,
15090,T. Kraft,gk,gk,cb,
14723,T. Kroos,md,ram,ram,wp
7980,T. Kádár,df,rb,rcm,fb
28922,T. Lemar,md,ram,ram,w
221047,T. Letschert,df,lb,lb,fb
94630,T. Makino,df,rb,rb,fb
26120,T. Mangani,md,rcm,rcm,bwm
37824,T. Meunier,df,lb,lam,wb
239411,T. Mings,df,rb,rb,fb
25492,T. Monconduit,md,cm,cm,dlp
25439,T. Motta,md,cm,cm,cm
14732,T. Müller,fw,lw,lam,iw
294695,T. Ndombèlé,md,cm,cm,bwm
101607,T. Necid,fw,st,cam,af
27958,T. Pellenard,df,rb,rcm,fb
102382,T. Priskin,fw,st,cam,dlf
14903,T. Rincón,md,cm,cm,dlp
61407,T. Rogić,md,cam,cam,am
7871,T. Rosický,md,cm,cm,bwm
61395,T. Sainsbury,df,lb,lcm,wb
15061,T. Sippel,gk,gk,cb,
32582,T. Sivok,df,lb,cdm,wb
11078,T. Smith,df,lb,lcm,fb
15797,T. Starke,gk,gk,cb,
399576,T. Stavitski,md,lam,lam,w
105341,T. Stepanenko,md,rcm,rcm,cm
166534,T. Strakosha,gk,gk,cb,
15813,T. Strobl,md,cm,cm,dlp
97555,T. Tawatha,df,rb,rcm,fb
27959,T. Touré,fw,rw,cam,iw
14730,T. Usami,fw,rw,ram,w
7860,T. Vermaelen,df,rb,rb,fb
7879,T. Walcott,fw,lw,lam,w
471774,T. Weah,fw,st,cam,cf
173214,T. Werner,fw,st,cam,cf
49981,T. Xhaka,md,cam,cam,am
122577,Taisir Al Jassim,md,lcm,lcm,bwm
4969,Tana,md,cam,cam,ap
437417,Tarek Hamed,md,rcm,rcm,dlp
3345,Thiago Alcântara,md,cam,cam,ap
257750,Thiago Maia,md,rcm,rcm,cm
41056,Thiago Mendes,md,cam,cam,ap
20394,Thiago Silva,df,cb,cdm,bpd
217031,Thomas,md,lcm,lcm,dlp
3510,Timor,md,rcm,rcm,dlp
4326,Tito,df,lb,lcm,wb
3650,Tomás Pina,md,cm,cm,dlp
326535,Toni Lato,df,rb,rcm,fb
367391,Toni Moya,md,lcm,lb,cm
5383,Toño,df,rb,rcm,fb
3663,Toño,gk,gk,cb,
3542,Trigueros,md,rcm,rcm,cm
220112,Trézéguet,md,ram,ram,wm
329202,U. Garcia,df,rb,rcm,fb
15301,U. Hünemeier,df,cb,cdm,cb
344068,Unai Núñez,df,lb,lcm,wb
237836,V. Amiri,md,rcm,rcm,bwm
32923,V. Babacan,gk,gk,cb,
20938,V. Behrami,md,cdm,cdm,dm
22552,V. Belec,gk,gk,cb,
101581,V. Berezutski,df,cb,cdm,bpd
25532,V. Bessat,md,rcm,rcm,mz
21291,V. Birsa,md,cam,cam,am
83575,V. Chiricheș,df,cb,cdm,bpd
51144,V. Claesson,md,lcm,lcm,bwm
82518,V. Darida,md,cm,cm,bwm
149076,V. Eysseric,md,cam,cam,am
1722,V. Fischer,fw,rw,ram,w
134494,V. Germain,fw,lw,cam,iw
101682,V. Granat,df,cb,rcm,cb
221452,V. Grifo,md,ram,ram,wp
14762,V. Ibišević,fw,st,cam,af
444439,V. Janjičić,md,cm,cm,dlp
269676,V. Janssen,fw,rw,rb,w
258263,V. Jovanović,df,cb,cdm,bpd
8307,V. Kompany,df,cb,cdm,bpd
241566,V. Kovalenko,md,cam,cam,ss
279734,V. Koziello,md,cm,cm,cm
22313,V. Laurini,df,lb,lcm,fb
208652,V. Lazaro,md,cam,cam,am
71703,V. Lindelöf,df,cb,cdm,bpd
26265,V. Manceau,df,lb,lcm,fb
421809,V. Marcel,md,ram,ram,wm
283062,V. Milinković-Savić,gk,gk,cb,
8625,V. Moses,md,lam,lam,wp
25467,V. Nogueira,md,cdm,cdm,a
403273,V. Osimhen,fw,lw,cam,iw
25650,V. Pajot,md,cm,cm,bwm
239295,V. Parigini,fw,rw,ram,w
104867,V. Pečovský,md,cdm,cdm,dm
21004,V. Regini,df,rb,rcm,wb
260002,V. Rongier,md,cam,cam,ap
393214,V. Rosier,df,cb,lcm,cb
49921,V. Rüfli,df,rb,ram,fb
366563,V. Selimovic,df,lb,lb,fb
105331,V. Shevchuk,df,rb,ram,wb
373636,V. Sierro,md,cam,cam,am
49873,V. Stocker,md,cam,cam,ss
127671,V. Stojković,gk,gk,cb,
406156,V. Thill,md,cam,cam,am
92908,V. Torosidis,df,lb,lcm,wb
276920,V. Vada,md,lcm,lcm,bwm
20446,V. Verre,md,cam,cam,ap
61967,V. Wanyama,md,cm,cm,bwm
3813,V. Weiss,fw,rw,ram,w
370,V. van Dijk,df,cb,cdm,bpd
14771,V. Ćorluka,df,lb,lb,wb
32566,V. Şen,md,ram,ram,wm
351851,Vagner,md,cam,cam,ss
286963,Vesga,md,cm,cm,bwm
4363,Vicente Gómez,md,cm,cm,dlp
3928,Vicente Iborra,md,cm,cm,dlp
14940,Vieirinha,md,lam,lam,wp
4375,Vitolo,md,ram,ram,wp
44510,Vitor Hugo,df,cb,cdm,cb
247219,Víctor Camarasa,md,cam,cam,ap
404285,Víctor López,df,lb,lam,wb
3277,Víctor Ruíz,df,rb,rb,fb
3797,Víctor Sánchez,md,lcm,lcm,dlp
272434,W. Anton,df,cb,cdm,cb
246928,W. Barrios,md,cdm,cdm,hb
25795,W. Ben Yedder,fw,st,cam,cf
86745,W. Benítez,gk,gk,cb,
471,W. Bony,fw,lw,cam,w
3551,W. Caballero,gk,gk,cb,
139080,W. Cartagena,md,cdm,cdm,dm
228983,W. Cyprien,md,cdm,cdm,a
497355,W. Geubbels,fw,lw,lam,w
8425,W. Hennessey,gk,gk,cb,
268776,W. Hoedt,df,rb,rcm,wb
8346,W. Hoolahan,md,cam,cam,ss
8981,W. Hughes,md,lam,lam,w
347205,W. Kanga,fw,st,cam,af
25776,W. Khazri,md,cam,cam,ss
14744,W. Kvist,md,lcm,lcm,cm
26024,W. Lautoa,df,cb,cdm,cb
471348,W. McKennie,md,cm,cm,bwm
253551,W. Montoya,md,lam,lam,wp
8488,W. Morgan,df,cb,cdm,cb
265366,W. Ndidi,md,lcm,lcm,dlp
15069,W. Orban,df,cb,cdm,cb
8553,W. Reid,df,cb,cdm,cb
7944,W. Rooney,fw,rw,cam,if
77557,W. Routledge,md,cam,cam,tq
149054,W. Saïd,fw,lw,cam,if
20531,W. Sneijder,md,ram,ram,w
7849,W. Szczęsny,gk,gk,cb,
11093,W. Troost-Ekong,df,cb,cdm,cb
8422,W. Zaha,md,ram,ram,w
327009,Walace,md,rcm,rcm,dlp
260250,Wallace,df,cb,cdm,bpd
40657,Wendell,df,rb,rcm,fb
343685,William,df,rb,rcm,wb
37762,William Carvalho,md,cm,cm,cm
105333,Willian,md,lam,lam,w
40770,Willian José,fw,rw,ram,if
95490,Woo-Young Jung,md,cdm,cdm,dm
49872,X. Shaqiri,md,lam,lam,w
3678,Xabi Prieto,md,lam,lam,w
273819,Xeka,md,cm,cm,bwm
390613,Xesc Regis,fw,lw,lcm,w
4272,Ximo Navarro,df,cb,cdm,cb
472194,Y. Adli,md,rcm,rcm,cm
25846,Y. Andreu,df,rb,rcm,fb
493412,Y. Armougom,df,rb,ram,wb
289359,Y. Aït Bennasser,md,cm,cm,dlp
229697,Y. Bammou,fw,rw,cam,iw
25998,Y. Belhanda,md,lcm,lcm,bwm
21333,Y. Benalouane,df,lb,lcm,fb
28122,Y. Benzia,fw,rw,cam,if
520617,Y. Bisseck,df,lb,lb,fb
413582,Y. Bissouma,md,lcm,lcm,bwm
229140,Y. Bodiger,md,cam,cam,ap
9194,Y. Bolasie,md,ram,ram,w
120631,Y. Bounou,gk,gk,cb,
241077,Y. Bárcenas,md,lam,lam,wp
7988,Y. Cabaye,md,cm,cm,dlp
25764,Y. Cahuzac,md,cdm,cdm,dm
214609,Y. Cardinale,gk,gk,cb,
134769,Y. Carrasco,fw,rw,ram,iw
37714,Y. El Ghanassy,md,cam,cam,ss
447821,Y. En-Nesyri,fw,rw,cam,iw
102157,Y. Gazinskiy,md,cm,cm,cm
228639,Y. Gerhardt,df,rb,rcm,wb
25406,Y. Gourcuff,md,cam,cam,am
26033,Y. Jouffre,md,lam,lam,wp
8272,Y. Kaboul,df,cb,cdm,cb
352993,Y. Karamoh,fw,lw,lam,iw
105378,Y. Konoplyanka,md,ram,ram,w
25649,Y. M'Vila,md,rcm,rcm,cm
15191,Y. Mallı,md,ram,ram,wm
331763,Y. Meriah,df,rb,rb,fb
256634,Y. Mina,df,cb,cdm,cb
94764,Y. Muto,fw,rw,cam,if
49883,Y. Mvogo,gk,gk,cb,
25741,Y. N'Gbakoto,fw,st,cam,f9
20517,Y. Nagatomo,df,rb,rcm,fb
25781,Y. Pelé,gk,gk,cb,
56274,Y. Poulsen,fw,lw,cam,w
105329,Y. Rakitskiy,df,rb,rb,wb
25871,Y. Ravet,md,lam,lam,w
28529,Y. Sabaly,df,lb,lcm,wb
26604,Y. Salibur,md,lam,lam,w
339964,Y. Salmier,df,cb,cb,bpd
26389,Y. Sankharé,md,rcm,rcm,bwm
25517,Y. Sanogo,fw,st,cam,af
105344,Y. Seleznyov,fw,lw,cam,iw
49855,Y. Sommer,gk,gk,cb,
125268,Y. Tejeda,md,rcm,rb,cm
263802,Y. Tielemans,md,lcm,lcm,bwm
8324,Y. Touré,md,cam,cam,ap
114723,Y. Yotún,md,rcm,rcm,mz
101857,Y. Zhirkov,md,rcm,rcm,mz
94831,Y. Ōsako,fw,st,cam,cf
122888,Yahya Al Shehri,md,lam,lam,wp
122940,Yasir Al Shahrani,df,rb,rcm,wb
122562,Yasser Al Mosailem,gk,gk,cb,
230857,Yeray,df,lb,lcm,wb
107623,Yo-Han Go,md,rcm,rcm,cm
3823,Yoel,gk,gk,cb,
107529,Yong Lee,df,lb,lcm,fb
95200,Young-Gwon Kim,df,rb,rb,fb
107424,Young-Sun Yun,df,cb,cb,cb
4452,Yuri Berchiche,df,rb,ram,wb
239843,Z. Bakkali,fw,rw,ram,w
3791,Z. Feddal,df,rb,rb,fb
8372,Z. Gera,md,cm,cm,dlp
20420,Z. Ibrahimović,fw,st,cam,af
14696,Z. Junuzović,md,cam,cam,am
14757,Z. Kuzmanović,md,cm,cm,cm
288423,Z. Machach,md,lam,lam,wm
15196,Z. Stieber,md,ram,ram,w
482491,Z. Youssouf,md,lam,lam,wm
6281,Zaldúa,df,lb,lcm,fb
395114,Zubeldía,md,cm,cm,dlp
3680,Zurutuza,md,rcm,rcm,bwm
77541,Àngel Rangel,df,lb,lam,wb
254408,Á. Correa,fw,lw,lam,iw
33082,Á. Elek,md,lcm,lcm,bwm
76201,Á. Lang,df,cb,cdm,bpd
299557,Á. Nagy,md,rcm,rcm,dlp
3725,Á. Pintér,md,cam,cam,ap
15200,Á. Szalai,fw,st,cam,dlf
3314,Á. di María,md,cam,cam,ss
6914,Álex Alegría,fw,st,cam,af
339791,Álex Berenguer,fw,rw,ram,w
214062,Álex Granell,md,rcm,rcm,bwm
485383,Álex Mula,md,cam,cam,ss
3695,Álvaro González,df,cb,cdm,bpd
278383,Álvaro Jiménez,md,lam,lam,w
3324,Álvaro Morata,fw,st,cam,dlf
4131,Ángel,fw,st,cam,cf
3280,É. Banega,md,cm,cm,bwm
20816,É. Barreto,md,lam,lam,wp
25800,É. Didot,md,cm,cm,cm
114762,É. Flores,md,rcm,rcm,dlp
70410,Éder,fw,lw,cam,if
3671,Íñigo Martínez,df,rb,rcm,wb
125250,Ó. Duarte,df,cb,cdm,bpd
450784,Óscar Melendo,md,cam,cam,ap
114055,Óscar Romero,md,lcm,lcm,bwm
14778,Ö. Toprak,df,cb,rcm,bpd
14808,İ. Gündoğan,md,cam,cam,ap
32580,İ. Köybaşı,df,rb,rcm,fb
352722,Ľ. Tupta,fw,lw,lcm,if
7847,Ł. Fabiański,gk,gk,cb,
14798,Ł. Piszczek,df,lb,lcm,wb
99430,Ł. Skorupski,gk,gk,cb,
99479,Ł. Teodorczyk,fw,st,st,af
20550,Ş. Radu,df,rb,rb,fb
69409,Š. Vrsaljko,df,lb,lcm,wb
